{
  "Packages": [
    {
      "Package": {
        "Id": "UiPath.Excel.Activities",
        "Version": "2.11.4"
      },
      "Assemblies": [
        "C:\\Users\\ganga.y\\.nuget\\packages\\closedxml/0.87.1\\lib/net40/ClosedXML.dll",
        "C:\\Users\\ganga.y\\.nuget\\packages\\csvhelper/15.0.5\\lib/net45/CsvHelper.dll",
        "C:\\Users\\ganga.y\\.nuget\\packages\\documentformat.openxml/2.5.0\\lib/DocumentFormat.OpenXml.dll",
        "C:\\Users\\ganga.y\\.nuget\\packages\\microsoft.visualstudio.ole.interop/16.7.30328.74\\lib/net45/Microsoft.VisualStudio.OLE.Interop.dll",
        "C:\\Users\\ganga.y\\.nuget\\packages\\npoi/2.4.1\\lib/net45/NPOI.OOXML.dll",
        "C:\\Users\\ganga.y\\.nuget\\packages\\npoi/2.4.1\\lib/net45/NPOI.OpenXml4Net.dll",
        "C:\\Users\\ganga.y\\.nuget\\packages\\npoi/2.4.1\\lib/net45/NPOI.OpenXmlFormats.dll",
        "C:\\Users\\ganga.y\\.nuget\\packages\\npoi/2.4.1\\lib/net45/NPOI.dll",
        "C:\\Users\\ganga.y\\.nuget\\packages\\sharpziplib/1.0.0\\lib/net45/ICSharpCode.SharpZipLib.dll",
        "C:\\Users\\ganga.y\\.nuget\\packages\\system.runtime.compilerservices.unsafe/4.5.2\\lib/netstandard2.0/System.Runtime.CompilerServices.Unsafe.dll",
        "C:\\Users\\ganga.y\\.nuget\\packages\\system.threading.tasks.extensions/4.5.2\\lib/netstandard2.0/System.Threading.Tasks.Extensions.dll",
        "C:\\Users\\ganga.y\\.nuget\\packages\\system.valuetuple/4.5.0\\lib/net461/System.ValueTuple.dll",
        "C:\\Users\\ganga.y\\.nuget\\packages\\uipath.excel.activities/2.11.4\\lib/net461/Microsoft.Office.Interop.Excel.dll",
        "C:\\Users\\ganga.y\\.nuget\\packages\\uipath.excel.activities/2.11.4\\lib/net461/Microsoft.Vbe.Interop.dll",
        "C:\\Users\\ganga.y\\.nuget\\packages\\uipath.excel.activities/2.11.4\\lib/net461/Office.dll",
        "C:\\Users\\ganga.y\\.nuget\\packages\\uipath.excel.activities/2.11.4\\lib/net461/UiPath.Excel.Activities.Design.dll",
        "C:\\Users\\ganga.y\\.nuget\\packages\\uipath.excel.activities/2.11.4\\lib/net461/UiPath.Excel.Activities.Package.dll",
        "C:\\Users\\ganga.y\\.nuget\\packages\\uipath.excel.activities/2.11.4\\lib/net461/UiPath.Excel.Activities.dll",
        "C:\\Users\\ganga.y\\.nuget\\packages\\uipath.excel.activities/2.11.4\\lib/net461/UiPath.Excel.dll"
      ],
      "Path": "C:\\Users\\ganga.y\\.nuget\\packages\\uipath.excel.activities\\2.11.4"
    },
    {
      "Package": {
        "Id": "UiPath.UIAutomation.Activities",
        "Version": "21.10.5"
      },
      "Assemblies": [
        "C:\\Users\\ganga.y\\.nuget\\packages\\newtonsoft.json/11.0.2\\lib/net45/Newtonsoft.Json.dll",
        "C:\\Users\\ganga.y\\.nuget\\packages\\system.io.abstractions/3.0.10\\lib/net40/System.IO.Abstractions.dll",
        "C:\\Users\\ganga.y\\.nuget\\packages\\system.threading.tasks.dataflow/5.0.0\\lib/net461/System.Threading.Tasks.Dataflow.dll",
        "C:\\Users\\ganga.y\\.nuget\\packages\\system.valuetuple/4.5.0\\lib/net461/System.ValueTuple.dll",
        "C:\\Users\\ganga.y\\.nuget\\packages\\uipath/21.10.34.30369\\lib/net45/UiPath.Interop.dll",
        "C:\\Users\\ganga.y\\.nuget\\packages\\uipath.activities.runtimegovernance/1.1.3\\lib/net461/UiPath.Activities.RuntimeGovernance.dll",
        "C:\\Users\\ganga.y\\.nuget\\packages\\uipath.imageprocessing/21.10.2\\lib/net461/UiPath.ImageProcessingInterop.dll",
        "C:\\Users\\ganga.y\\.nuget\\packages\\uipath.ocr.activities/3.3.2\\lib/net461/UiPath.OCR.Activities.Design.dll",
        "C:\\Users\\ganga.y\\.nuget\\packages\\uipath.ocr.activities/3.3.2\\lib/net461/UiPath.OCR.Activities.dll",
        "C:\\Users\\ganga.y\\.nuget\\packages\\uipath.ocr.activities/3.3.2\\lib/net461/UiPath.OCR.Core.dll",
        "C:\\Users\\ganga.y\\.nuget\\packages\\uipath.ocr.contracts/2.9.1\\lib/net461/UiPath.OCR.Contracts.dll",
        "C:\\Users\\ganga.y\\.nuget\\packages\\uipath.platform/21.10.0\\lib/net461/UiPath.Platform.dll",
        "C:\\Users\\ganga.y\\.nuget\\packages\\uipath.telemetry.client/1.5.3\\lib/net461/TelemetryClient.dll",
        "C:\\Users\\ganga.y\\.nuget\\packages\\uipath.uiautomation.activities/21.10.5\\lib/net461/UiPath.CV.Activities.Design.dll",
        "C:\\Users\\ganga.y\\.nuget\\packages\\uipath.uiautomation.activities/21.10.5\\lib/net461/UiPath.CV.Activities.dll",
        "C:\\Users\\ganga.y\\.nuget\\packages\\uipath.uiautomation.activities/21.10.5\\lib/net461/UiPath.CV.dll",
        "C:\\Users\\ganga.y\\.nuget\\packages\\uipath.uiautomation.activities/21.10.5\\lib/net461/UiPath.UIAutomation.Activities.Design.dll",
        "C:\\Users\\ganga.y\\.nuget\\packages\\uipath.uiautomation.activities/21.10.5\\lib/net461/UiPath.UIAutomationCore.dll",
        "C:\\Users\\ganga.y\\.nuget\\packages\\uipath.uiautomation.activities/21.10.5\\lib/net461/UiPath.UIAutomationNext.Activities.Design.dll",
        "C:\\Users\\ganga.y\\.nuget\\packages\\uipath.uiautomation.activities/21.10.5\\lib/net461/UiPath.UIAutomationNext.Activities.dll",
        "C:\\Users\\ganga.y\\.nuget\\packages\\uipath.uiautomation.activities/21.10.5\\lib/net461/UiPath.UIAutomationNext.dll",
        "C:\\Users\\ganga.y\\.nuget\\packages\\uipath.uiautomation.activities/21.10.5\\lib/net461/UiPath.UiAutomation.Activities.dll",
        "C:\\Users\\ganga.y\\.nuget\\packages\\uipath.uiautomation.activities/21.10.5\\lib/net461/UiPath.Wizards.dll",
        "C:\\Users\\ganga.y\\.nuget\\packages\\uipath.vision/3.1.4\\lib/net461/UiPath.Vision.AzureComputerVision.dll",
        "C:\\Users\\ganga.y\\.nuget\\packages\\uipath.vision/3.1.4\\lib/net461/UiPath.Vision.Core.dll",
        "C:\\Users\\ganga.y\\.nuget\\packages\\uipath.vision/3.1.4\\lib/net461/UiPath.Vision.GoogleCloud.dll",
        "C:\\Users\\ganga.y\\.nuget\\packages\\uipath.vision/3.1.4\\lib/net461/UiPath.Vision.Microsoft.dll",
        "C:\\Users\\ganga.y\\.nuget\\packages\\uipath.vision/3.1.4\\lib/net461/UiPath.Vision.Tesseract.dll",
        "C:\\Users\\ganga.y\\.nuget\\packages\\uipath.vision/3.1.4\\lib/net461/UiPath.Vision.dll"
      ],
      "Path": "C:\\Users\\ganga.y\\.nuget\\packages\\uipath.uiautomation.activities\\21.10.5"
    }
  ],
  "Conflicts": [],
  "ResolvedDependencies": {
    "ClosedXML": {
      "Id": "ClosedXML",
      "Version": "0.87.1",
      "Dependencies": [
        {
          "Item1": "DocumentFormat.OpenXml",
          "Item2": "[2.5.0, )"
        }
      ]
    },
    "CsvHelper": {
      "Id": "CsvHelper",
      "Version": "15.0.5",
      "Dependencies": [
        {
          "Item1": "Microsoft.CSharp",
          "Item2": "[4.5.0, )"
        },
        {
          "Item1": "System.Threading.Tasks.Extensions",
          "Item2": "[4.5.2, )"
        },
        {
          "Item1": "System.ValueTuple",
          "Item2": "[4.4.0, )"
        }
      ]
    },
    "DocumentFormat.OpenXml": {
      "Id": "DocumentFormat.OpenXml",
      "Version": "2.5.0",
      "Dependencies": []
    },
    "Microsoft.CSharp": {
      "Id": "Microsoft.CSharp",
      "Version": "4.5.0",
      "Dependencies": []
    },
    "Microsoft.VisualStudio.OLE.Interop": {
      "Id": "Microsoft.VisualStudio.OLE.Interop",
      "Version": "16.7.30328.74",
      "Dependencies": []
    },
    "Newtonsoft.Json": {
      "Id": "Newtonsoft.Json",
      "Version": "11.0.2",
      "Dependencies": []
    },
    "NPOI": {
      "Id": "NPOI",
      "Version": "2.4.1",
      "Dependencies": [
        {
          "Item1": "SharpZipLib",
          "Item2": "[1.0.0, )"
        }
      ]
    },
    "SharpZipLib": {
      "Id": "SharpZipLib",
      "Version": "1.0.0",
      "Dependencies": []
    },
    "System.IO.Abstractions": {
      "Id": "System.IO.Abstractions",
      "Version": "3.0.10",
      "Dependencies": []
    },
    "System.Runtime.CompilerServices.Unsafe": {
      "Id": "System.Runtime.CompilerServices.Unsafe",
      "Version": "4.5.2",
      "Dependencies": []
    },
    "System.Threading.Tasks.Dataflow": {
      "Id": "System.Threading.Tasks.Dataflow",
      "Version": "5.0.0",
      "Dependencies": []
    },
    "System.Threading.Tasks.Extensions": {
      "Id": "System.Threading.Tasks.Extensions",
      "Version": "4.5.2",
      "Dependencies": [
        {
          "Item1": "System.Runtime.CompilerServices.Unsafe",
          "Item2": "[4.5.2, )"
        }
      ]
    },
    "System.ValueTuple": {
      "Id": "System.ValueTuple",
      "Version": "4.5.0",
      "Dependencies": []
    },
    "UiPath": {
      "Id": "UiPath",
      "Version": "21.10.34.30369",
      "Dependencies": []
    },
    "UiPath.Activities.RuntimeGovernance": {
      "Id": "UiPath.Activities.RuntimeGovernance",
      "Version": "1.1.3",
      "Dependencies": [
        {
          "Item1": "Newtonsoft.Json",
          "Item2": "[11.0.2, )"
        }
      ]
    },
    "UiPath.Excel.Activities": {
      "Id": "UiPath.Excel.Activities",
      "Version": "2.11.4",
      "Dependencies": [
        {
          "Item1": "ClosedXML",
          "Item2": "[0.87.1, )"
        },
        {
          "Item1": "CsvHelper",
          "Item2": "[15.0.5, )"
        },
        {
          "Item1": "DocumentFormat.OpenXml",
          "Item2": "[2.5.0, )"
        },
        {
          "Item1": "Microsoft.VisualStudio.OLE.Interop",
          "Item2": "[16.7.30328.74, )"
        },
        {
          "Item1": "NPOI",
          "Item2": "[2.4.1, )"
        }
      ]
    },
    "UiPath.ImageProcessing": {
      "Id": "UiPath.ImageProcessing",
      "Version": "21.10.2",
      "Dependencies": []
    },
    "UiPath.OCR.Activities": {
      "Id": "UiPath.OCR.Activities",
      "Version": "3.3.2",
      "Dependencies": [
        {
          "Item1": "UiPath.OCR.Contracts",
          "Item2": "[2.9.1, )"
        }
      ]
    },
    "UiPath.OCR.Contracts": {
      "Id": "UiPath.OCR.Contracts",
      "Version": "2.9.1",
      "Dependencies": []
    },
    "UiPath.Platform": {
      "Id": "UiPath.Platform",
      "Version": "21.10.0",
      "Dependencies": [
        {
          "Item1": "Newtonsoft.Json",
          "Item2": "[11.0.2, )"
        },
        {
          "Item1": "System.IO.Abstractions",
          "Item2": "[3.0.10, )"
        },
        {
          "Item1": "System.ValueTuple",
          "Item2": "[4.5.0, )"
        }
      ]
    },
    "UiPath.Telemetry.Client": {
      "Id": "UiPath.Telemetry.Client",
      "Version": "1.5.3",
      "Dependencies": [
        {
          "Item1": "Newtonsoft.Json",
          "Item2": "[11.0.2, )"
        },
        {
          "Item1": "System.Threading.Tasks.Dataflow",
          "Item2": "[5.0.0, )"
        },
        {
          "Item1": "System.ValueTuple",
          "Item2": "[4.5.0, )"
        }
      ]
    },
    "UiPath.UIAutomation.Activities": {
      "Id": "UiPath.UIAutomation.Activities",
      "Version": "21.10.5",
      "Dependencies": [
        {
          "Item1": "UiPath",
          "Item2": "[21.10.34.30369, 21.10.34.30369]"
        },
        {
          "Item1": "UiPath.Vision",
          "Item2": "[3.1.4, )"
        },
        {
          "Item1": "UiPath.OCR.Contracts",
          "Item2": "[2.9.1, )"
        },
        {
          "Item1": "UiPath.OCR.Activities",
          "Item2": "[3.3.2, )"
        },
        {
          "Item1": "UiPath.Platform",
          "Item2": "[21.10.0, )"
        },
        {
          "Item1": "Newtonsoft.Json",
          "Item2": "[11.0.2, )"
        },
        {
          "Item1": "System.IO.Abstractions",
          "Item2": "[3.0.10, )"
        },
        {
          "Item1": "UiPath.ImageProcessing",
          "Item2": "[21.10.2, )"
        },
        {
          "Item1": "UiPath.Telemetry.Client",
          "Item2": "[1.5.3, )"
        },
        {
          "Item1": "UiPath.Activities.RuntimeGovernance",
          "Item2": "[1.1.3, )"
        }
      ]
    },
    "UiPath.Vision": {
      "Id": "UiPath.Vision",
      "Version": "3.1.4",
      "Dependencies": [
        {
          "Item1": "UiPath.OCR.Contracts",
          "Item2": "[2.9.1, )"
        }
      ]
    }
  },
  "AllPackages": [
    {
      "Package": {
        "Id": "ClosedXML",
        "Version": "0.87.1"
      },
      "Assemblies": [
        "C:\\Users\\ganga.y\\.nuget\\packages\\closedxml\\0.87.1\\lib\\net40\\ClosedXML.dll"
      ],
      "Path": "C:\\Users\\ganga.y\\.nuget\\packages\\closedxml\\0.87.1"
    },
    {
      "Package": {
        "Id": "CsvHelper",
        "Version": "15.0.5"
      },
      "Assemblies": [
        "C:\\Users\\ganga.y\\.nuget\\packages\\csvhelper\\15.0.5\\lib\\net45\\CsvHelper.dll"
      ],
      "Path": "C:\\Users\\ganga.y\\.nuget\\packages\\csvhelper\\15.0.5"
    },
    {
      "Package": {
        "Id": "DocumentFormat.OpenXml",
        "Version": "2.5.0"
      },
      "Assemblies": [
        "C:\\Users\\ganga.y\\.nuget\\packages\\documentformat.openxml\\2.5.0\\lib\\DocumentFormat.OpenXml.dll"
      ],
      "Path": "C:\\Users\\ganga.y\\.nuget\\packages\\documentformat.openxml\\2.5.0"
    },
    {
      "Package": {
        "Id": "Microsoft.CSharp",
        "Version": "4.5.0"
      },
      "Assemblies": [
        "C:\\Users\\ganga.y\\.nuget\\packages\\microsoft.csharp\\4.5.0\\lib\\net45\\_._"
      ],
      "Path": "C:\\Users\\ganga.y\\.nuget\\packages\\microsoft.csharp\\4.5.0"
    },
    {
      "Package": {
        "Id": "Microsoft.VisualStudio.OLE.Interop",
        "Version": "16.7.30328.74"
      },
      "Assemblies": [
        "C:\\Users\\ganga.y\\.nuget\\packages\\microsoft.visualstudio.ole.interop\\16.7.30328.74\\lib\\net45\\Microsoft.VisualStudio.OLE.Interop.dll"
      ],
      "Path": "C:\\Users\\ganga.y\\.nuget\\packages\\microsoft.visualstudio.ole.interop\\16.7.30328.74"
    },
    {
      "Package": {
        "Id": "Newtonsoft.Json",
        "Version": "11.0.2"
      },
      "Assemblies": [
        "C:\\Users\\ganga.y\\.nuget\\packages\\newtonsoft.json\\11.0.2\\lib\\net45\\Newtonsoft.Json.dll"
      ],
      "Path": "C:\\Users\\ganga.y\\.nuget\\packages\\newtonsoft.json\\11.0.2"
    },
    {
      "Package": {
        "Id": "NPOI",
        "Version": "2.4.1"
      },
      "Assemblies": [
        "C:\\Users\\ganga.y\\.nuget\\packages\\npoi\\2.4.1\\lib\\net45\\NPOI.OOXML.dll",
        "C:\\Users\\ganga.y\\.nuget\\packages\\npoi\\2.4.1\\lib\\net45\\NPOI.OpenXml4Net.dll",
        "C:\\Users\\ganga.y\\.nuget\\packages\\npoi\\2.4.1\\lib\\net45\\NPOI.OpenXmlFormats.dll",
        "C:\\Users\\ganga.y\\.nuget\\packages\\npoi\\2.4.1\\lib\\net45\\NPOI.dll"
      ],
      "Path": "C:\\Users\\ganga.y\\.nuget\\packages\\npoi\\2.4.1"
    },
    {
      "Package": {
        "Id": "SharpZipLib",
        "Version": "1.0.0"
      },
      "Assemblies": [
        "C:\\Users\\ganga.y\\.nuget\\packages\\sharpziplib\\1.0.0\\lib\\net45\\ICSharpCode.SharpZipLib.dll"
      ],
      "Path": "C:\\Users\\ganga.y\\.nuget\\packages\\sharpziplib\\1.0.0"
    },
    {
      "Package": {
        "Id": "System.IO.Abstractions",
        "Version": "3.0.10"
      },
      "Assemblies": [
        "C:\\Users\\ganga.y\\.nuget\\packages\\system.io.abstractions\\3.0.10\\lib\\net40\\System.IO.Abstractions.dll"
      ],
      "Path": "C:\\Users\\ganga.y\\.nuget\\packages\\system.io.abstractions\\3.0.10"
    },
    {
      "Package": {
        "Id": "System.Runtime.CompilerServices.Unsafe",
        "Version": "4.5.2"
      },
      "Assemblies": [
        "C:\\Users\\ganga.y\\.nuget\\packages\\system.runtime.compilerservices.unsafe\\4.5.2\\lib\\netstandard2.0\\System.Runtime.CompilerServices.Unsafe.dll"
      ],
      "Path": "C:\\Users\\ganga.y\\.nuget\\packages\\system.runtime.compilerservices.unsafe\\4.5.2"
    },
    {
      "Package": {
        "Id": "System.Threading.Tasks.Dataflow",
        "Version": "5.0.0"
      },
      "Assemblies": [
        "C:\\Users\\ganga.y\\.nuget\\packages\\system.threading.tasks.dataflow\\5.0.0\\lib\\net461\\System.Threading.Tasks.Dataflow.dll"
      ],
      "Path": "C:\\Users\\ganga.y\\.nuget\\packages\\system.threading.tasks.dataflow\\5.0.0"
    },
    {
      "Package": {
        "Id": "System.Threading.Tasks.Extensions",
        "Version": "4.5.2"
      },
      "Assemblies": [
        "C:\\Users\\ganga.y\\.nuget\\packages\\system.threading.tasks.extensions\\4.5.2\\lib\\netstandard2.0\\System.Threading.Tasks.Extensions.dll"
      ],
      "Path": "C:\\Users\\ganga.y\\.nuget\\packages\\system.threading.tasks.extensions\\4.5.2"
    },
    {
      "Package": {
        "Id": "System.ValueTuple",
        "Version": "4.5.0"
      },
      "Assemblies": [
        "C:\\Users\\ganga.y\\.nuget\\packages\\system.valuetuple\\4.5.0\\lib\\net461\\System.ValueTuple.dll"
      ],
      "Path": "C:\\Users\\ganga.y\\.nuget\\packages\\system.valuetuple\\4.5.0"
    },
    {
      "Package": {
        "Id": "UiPath",
        "Version": "21.10.34.30369"
      },
      "Assemblies": [
        "C:\\Users\\ganga.y\\.nuget\\packages\\uipath\\21.10.34.30369\\lib\\net45\\UiPath.Interop.dll"
      ],
      "Path": "C:\\Users\\ganga.y\\.nuget\\packages\\uipath\\21.10.34.30369"
    },
    {
      "Package": {
        "Id": "UiPath.Activities.RuntimeGovernance",
        "Version": "1.1.3"
      },
      "Assemblies": [
        "C:\\Users\\ganga.y\\.nuget\\packages\\uipath.activities.runtimegovernance\\1.1.3\\lib\\net461\\UiPath.Activities.RuntimeGovernance.dll"
      ],
      "Path": "C:\\Users\\ganga.y\\.nuget\\packages\\uipath.activities.runtimegovernance\\1.1.3"
    },
    {
      "Package": {
        "Id": "UiPath.Excel.Activities",
        "Version": "2.11.4"
      },
      "Assemblies": [
        "C:\\Users\\ganga.y\\.nuget\\packages\\uipath.excel.activities\\2.11.4\\lib\\net461\\Microsoft.Office.Interop.Excel.dll",
        "C:\\Users\\ganga.y\\.nuget\\packages\\uipath.excel.activities\\2.11.4\\lib\\net461\\Microsoft.Vbe.Interop.dll",
        "C:\\Users\\ganga.y\\.nuget\\packages\\uipath.excel.activities\\2.11.4\\lib\\net461\\Office.dll",
        "C:\\Users\\ganga.y\\.nuget\\packages\\uipath.excel.activities\\2.11.4\\lib\\net461\\UiPath.Excel.Activities.Design.dll",
        "C:\\Users\\ganga.y\\.nuget\\packages\\uipath.excel.activities\\2.11.4\\lib\\net461\\UiPath.Excel.Activities.Package.dll",
        "C:\\Users\\ganga.y\\.nuget\\packages\\uipath.excel.activities\\2.11.4\\lib\\net461\\UiPath.Excel.Activities.dll",
        "C:\\Users\\ganga.y\\.nuget\\packages\\uipath.excel.activities\\2.11.4\\lib\\net461\\UiPath.Excel.dll"
      ],
      "Path": "C:\\Users\\ganga.y\\.nuget\\packages\\uipath.excel.activities\\2.11.4"
    },
    {
      "Package": {
        "Id": "UiPath.ImageProcessing",
        "Version": "21.10.2"
      },
      "Assemblies": [
        "C:\\Users\\ganga.y\\.nuget\\packages\\uipath.imageprocessing\\21.10.2\\lib\\net461\\UiPath.ImageProcessingInterop.dll"
      ],
      "Path": "C:\\Users\\ganga.y\\.nuget\\packages\\uipath.imageprocessing\\21.10.2"
    },
    {
      "Package": {
        "Id": "UiPath.OCR.Activities",
        "Version": "3.3.2"
      },
      "Assemblies": [
        "C:\\Users\\ganga.y\\.nuget\\packages\\uipath.ocr.activities\\3.3.2\\lib\\net461\\UiPath.OCR.Activities.Design.dll",
        "C:\\Users\\ganga.y\\.nuget\\packages\\uipath.ocr.activities\\3.3.2\\lib\\net461\\UiPath.OCR.Activities.dll",
        "C:\\Users\\ganga.y\\.nuget\\packages\\uipath.ocr.activities\\3.3.2\\lib\\net461\\UiPath.OCR.Core.dll"
      ],
      "Path": "C:\\Users\\ganga.y\\.nuget\\packages\\uipath.ocr.activities\\3.3.2"
    },
    {
      "Package": {
        "Id": "UiPath.OCR.Contracts",
        "Version": "2.9.1"
      },
      "Assemblies": [
        "C:\\Users\\ganga.y\\.nuget\\packages\\uipath.ocr.contracts\\2.9.1\\lib\\net461\\UiPath.OCR.Contracts.dll"
      ],
      "Path": "C:\\Users\\ganga.y\\.nuget\\packages\\uipath.ocr.contracts\\2.9.1"
    },
    {
      "Package": {
        "Id": "UiPath.Platform",
        "Version": "21.10.0"
      },
      "Assemblies": [
        "C:\\Users\\ganga.y\\.nuget\\packages\\uipath.platform\\21.10.0\\lib\\net461\\UiPath.Platform.dll"
      ],
      "Path": "C:\\Users\\ganga.y\\.nuget\\packages\\uipath.platform\\21.10.0"
    },
    {
      "Package": {
        "Id": "UiPath.Telemetry.Client",
        "Version": "1.5.3"
      },
      "Assemblies": [
        "C:\\Users\\ganga.y\\.nuget\\packages\\uipath.telemetry.client\\1.5.3\\lib\\net461\\TelemetryClient.dll"
      ],
      "Path": "C:\\Users\\ganga.y\\.nuget\\packages\\uipath.telemetry.client\\1.5.3"
    },
    {
      "Package": {
        "Id": "UiPath.UIAutomation.Activities",
        "Version": "21.10.5"
      },
      "Assemblies": [
        "C:\\Users\\ganga.y\\.nuget\\packages\\uipath.uiautomation.activities\\21.10.5\\lib\\net461\\UiPath.CV.Activities.Design.dll",
        "C:\\Users\\ganga.y\\.nuget\\packages\\uipath.uiautomation.activities\\21.10.5\\lib\\net461\\UiPath.CV.Activities.dll",
        "C:\\Users\\ganga.y\\.nuget\\packages\\uipath.uiautomation.activities\\21.10.5\\lib\\net461\\UiPath.CV.dll",
        "C:\\Users\\ganga.y\\.nuget\\packages\\uipath.uiautomation.activities\\21.10.5\\lib\\net461\\UiPath.UIAutomation.Activities.Design.dll",
        "C:\\Users\\ganga.y\\.nuget\\packages\\uipath.uiautomation.activities\\21.10.5\\lib\\net461\\UiPath.UIAutomationCore.dll",
        "C:\\Users\\ganga.y\\.nuget\\packages\\uipath.uiautomation.activities\\21.10.5\\lib\\net461\\UiPath.UIAutomationNext.Activities.Design.dll",
        "C:\\Users\\ganga.y\\.nuget\\packages\\uipath.uiautomation.activities\\21.10.5\\lib\\net461\\UiPath.UIAutomationNext.Activities.dll",
        "C:\\Users\\ganga.y\\.nuget\\packages\\uipath.uiautomation.activities\\21.10.5\\lib\\net461\\UiPath.UIAutomationNext.dll",
        "C:\\Users\\ganga.y\\.nuget\\packages\\uipath.uiautomation.activities\\21.10.5\\lib\\net461\\UiPath.UiAutomation.Activities.dll",
        "C:\\Users\\ganga.y\\.nuget\\packages\\uipath.uiautomation.activities\\21.10.5\\lib\\net461\\UiPath.Wizards.dll"
      ],
      "Path": "C:\\Users\\ganga.y\\.nuget\\packages\\uipath.uiautomation.activities\\21.10.5"
    },
    {
      "Package": {
        "Id": "UiPath.Vision",
        "Version": "3.1.4"
      },
      "Assemblies": [
        "C:\\Users\\ganga.y\\.nuget\\packages\\uipath.vision\\3.1.4\\lib\\net461\\UiPath.Vision.AzureComputerVision.dll",
        "C:\\Users\\ganga.y\\.nuget\\packages\\uipath.vision\\3.1.4\\lib\\net461\\UiPath.Vision.Core.dll",
        "C:\\Users\\ganga.y\\.nuget\\packages\\uipath.vision\\3.1.4\\lib\\net461\\UiPath.Vision.GoogleCloud.dll",
        "C:\\Users\\ganga.y\\.nuget\\packages\\uipath.vision\\3.1.4\\lib\\net461\\UiPath.Vision.Microsoft.dll",
        "C:\\Users\\ganga.y\\.nuget\\packages\\uipath.vision\\3.1.4\\lib\\net461\\UiPath.Vision.Tesseract.dll",
        "C:\\Users\\ganga.y\\.nuget\\packages\\uipath.vision\\3.1.4\\lib\\net461\\UiPath.Vision.dll"
      ],
      "Path": "C:\\Users\\ganga.y\\.nuget\\packages\\uipath.vision\\3.1.4"
    }
  ]
}