{
  "Packages": [
    {
      "Package": {
        "Id": "UiPath.UIAutomation.Activities",
        "Version": "21.10.5"
      },
      "Assemblies": [
        "C:\\Users\\ganga.y\\.nuget\\packages\\newtonsoft.json/11.0.2\\lib/net45/Newtonsoft.Json.dll",
        "C:\\Users\\ganga.y\\.nuget\\packages\\system.io.abstractions/3.0.10\\lib/net40/System.IO.Abstractions.dll",
        "C:\\Users\\ganga.y\\.nuget\\packages\\system.threading.tasks.dataflow/5.0.0\\lib/net461/System.Threading.Tasks.Dataflow.dll",
        "C:\\Users\\ganga.y\\.nuget\\packages\\system.valuetuple/4.5.0\\lib/net461/System.ValueTuple.dll",
        "C:\\Users\\ganga.y\\.nuget\\packages\\uipath/21.10.34.30369\\lib/net45/UiPath.Interop.dll",
        "C:\\Users\\ganga.y\\.nuget\\packages\\uipath.activities.runtimegovernance/1.1.3\\lib/net461/UiPath.Activities.RuntimeGovernance.dll",
        "C:\\Users\\ganga.y\\.nuget\\packages\\uipath.imageprocessing/21.10.2\\lib/net461/UiPath.ImageProcessingInterop.dll",
        "C:\\Users\\ganga.y\\.nuget\\packages\\uipath.ocr.activities/3.3.2\\lib/net461/UiPath.OCR.Activities.Design.dll",
        "C:\\Users\\ganga.y\\.nuget\\packages\\uipath.ocr.activities/3.3.2\\lib/net461/UiPath.OCR.Activities.dll",
        "C:\\Users\\ganga.y\\.nuget\\packages\\uipath.ocr.activities/3.3.2\\lib/net461/UiPath.OCR.Core.dll",
        "C:\\Users\\ganga.y\\.nuget\\packages\\uipath.ocr.contracts/2.9.1\\lib/net461/UiPath.OCR.Contracts.dll",
        "C:\\Users\\ganga.y\\.nuget\\packages\\uipath.platform/21.10.0\\lib/net461/UiPath.Platform.dll",
        "C:\\Users\\ganga.y\\.nuget\\packages\\uipath.telemetry.client/1.5.3\\lib/net461/TelemetryClient.dll",
        "C:\\Users\\ganga.y\\.nuget\\packages\\uipath.uiautomation.activities/21.10.5\\lib/net461/UiPath.CV.Activities.Design.dll",
        "C:\\Users\\ganga.y\\.nuget\\packages\\uipath.uiautomation.activities/21.10.5\\lib/net461/UiPath.CV.Activities.dll",
        "C:\\Users\\ganga.y\\.nuget\\packages\\uipath.uiautomation.activities/21.10.5\\lib/net461/UiPath.CV.dll",
        "C:\\Users\\ganga.y\\.nuget\\packages\\uipath.uiautomation.activities/21.10.5\\lib/net461/UiPath.UIAutomation.Activities.Design.dll",
        "C:\\Users\\ganga.y\\.nuget\\packages\\uipath.uiautomation.activities/21.10.5\\lib/net461/UiPath.UIAutomationCore.dll",
        "C:\\Users\\ganga.y\\.nuget\\packages\\uipath.uiautomation.activities/21.10.5\\lib/net461/UiPath.UIAutomationNext.Activities.Design.dll",
        "C:\\Users\\ganga.y\\.nuget\\packages\\uipath.uiautomation.activities/21.10.5\\lib/net461/UiPath.UIAutomationNext.Activities.dll",
        "C:\\Users\\ganga.y\\.nuget\\packages\\uipath.uiautomation.activities/21.10.5\\lib/net461/UiPath.UIAutomationNext.dll",
        "C:\\Users\\ganga.y\\.nuget\\packages\\uipath.uiautomation.activities/21.10.5\\lib/net461/UiPath.UiAutomation.Activities.dll",
        "C:\\Users\\ganga.y\\.nuget\\packages\\uipath.uiautomation.activities/21.10.5\\lib/net461/UiPath.Wizards.dll",
        "C:\\Users\\ganga.y\\.nuget\\packages\\uipath.vision/3.1.4\\lib/net461/UiPath.Vision.AzureComputerVision.dll",
        "C:\\Users\\ganga.y\\.nuget\\packages\\uipath.vision/3.1.4\\lib/net461/UiPath.Vision.Core.dll",
        "C:\\Users\\ganga.y\\.nuget\\packages\\uipath.vision/3.1.4\\lib/net461/UiPath.Vision.GoogleCloud.dll",
        "C:\\Users\\ganga.y\\.nuget\\packages\\uipath.vision/3.1.4\\lib/net461/UiPath.Vision.Microsoft.dll",
        "C:\\Users\\ganga.y\\.nuget\\packages\\uipath.vision/3.1.4\\lib/net461/UiPath.Vision.Tesseract.dll",
        "C:\\Users\\ganga.y\\.nuget\\packages\\uipath.vision/3.1.4\\lib/net461/UiPath.Vision.dll"
      ],
      "Path": "C:\\Users\\ganga.y\\.nuget\\packages\\uipath.uiautomation.activities\\21.10.5"
    }
  ],
  "Conflicts": [],
  "ResolvedDependencies": {
    "Newtonsoft.Json": {
      "Id": "Newtonsoft.Json",
      "Version": "11.0.2",
      "Dependencies": []
    },
    "System.IO.Abstractions": {
      "Id": "System.IO.Abstractions",
      "Version": "3.0.10",
      "Dependencies": []
    },
    "System.Threading.Tasks.Dataflow": {
      "Id": "System.Threading.Tasks.Dataflow",
      "Version": "5.0.0",
      "Dependencies": []
    },
    "System.ValueTuple": {
      "Id": "System.ValueTuple",
      "Version": "4.5.0",
      "Dependencies": []
    },
    "UiPath": {
      "Id": "UiPath",
      "Version": "21.10.34.30369",
      "Dependencies": []
    },
    "UiPath.Activities.RuntimeGovernance": {
      "Id": "UiPath.Activities.RuntimeGovernance",
      "Version": "1.1.3",
      "Dependencies": [
        {
          "Item1": "Newtonsoft.Json",
          "Item2": "[11.0.2, )"
        }
      ]
    },
    "UiPath.ImageProcessing": {
      "Id": "UiPath.ImageProcessing",
      "Version": "21.10.2",
      "Dependencies": []
    },
    "UiPath.OCR.Activities": {
      "Id": "UiPath.OCR.Activities",
      "Version": "3.3.2",
      "Dependencies": [
        {
          "Item1": "UiPath.OCR.Contracts",
          "Item2": "[2.9.1, )"
        }
      ]
    },
    "UiPath.OCR.Contracts": {
      "Id": "UiPath.OCR.Contracts",
      "Version": "2.9.1",
      "Dependencies": []
    },
    "UiPath.Platform": {
      "Id": "UiPath.Platform",
      "Version": "21.10.0",
      "Dependencies": [
        {
          "Item1": "Newtonsoft.Json",
          "Item2": "[11.0.2, )"
        },
        {
          "Item1": "System.IO.Abstractions",
          "Item2": "[3.0.10, )"
        },
        {
          "Item1": "System.ValueTuple",
          "Item2": "[4.5.0, )"
        }
      ]
    },
    "UiPath.Telemetry.Client": {
      "Id": "UiPath.Telemetry.Client",
      "Version": "1.5.3",
      "Dependencies": [
        {
          "Item1": "Newtonsoft.Json",
          "Item2": "[11.0.2, )"
        },
        {
          "Item1": "System.Threading.Tasks.Dataflow",
          "Item2": "[5.0.0, )"
        },
        {
          "Item1": "System.ValueTuple",
          "Item2": "[4.5.0, )"
        }
      ]
    },
    "UiPath.UIAutomation.Activities": {
      "Id": "UiPath.UIAutomation.Activities",
      "Version": "21.10.5",
      "Dependencies": [
        {
          "Item1": "UiPath",
          "Item2": "[21.10.34.30369, 21.10.34.30369]"
        },
        {
          "Item1": "UiPath.Vision",
          "Item2": "[3.1.4, )"
        },
        {
          "Item1": "UiPath.OCR.Contracts",
          "Item2": "[2.9.1, )"
        },
        {
          "Item1": "UiPath.OCR.Activities",
          "Item2": "[3.3.2, )"
        },
        {
          "Item1": "UiPath.Platform",
          "Item2": "[21.10.0, )"
        },
        {
          "Item1": "Newtonsoft.Json",
          "Item2": "[11.0.2, )"
        },
        {
          "Item1": "System.IO.Abstractions",
          "Item2": "[3.0.10, )"
        },
        {
          "Item1": "UiPath.ImageProcessing",
          "Item2": "[21.10.2, )"
        },
        {
          "Item1": "UiPath.Telemetry.Client",
          "Item2": "[1.5.3, )"
        },
        {
          "Item1": "UiPath.Activities.RuntimeGovernance",
          "Item2": "[1.1.3, )"
        }
      ]
    },
    "UiPath.Vision": {
      "Id": "UiPath.Vision",
      "Version": "3.1.4",
      "Dependencies": [
        {
          "Item1": "UiPath.OCR.Contracts",
          "Item2": "[2.9.1, )"
        }
      ]
    }
  },
  "AllPackages": [
    {
      "Package": {
        "Id": "Newtonsoft.Json",
        "Version": "11.0.2"
      },
      "Assemblies": [
        "C:\\Users\\ganga.y\\.nuget\\packages\\newtonsoft.json\\11.0.2\\lib\\net45\\Newtonsoft.Json.dll"
      ],
      "Path": "C:\\Users\\ganga.y\\.nuget\\packages\\newtonsoft.json\\11.0.2"
    },
    {
      "Package": {
        "Id": "System.IO.Abstractions",
        "Version": "3.0.10"
      },
      "Assemblies": [
        "C:\\Users\\ganga.y\\.nuget\\packages\\system.io.abstractions\\3.0.10\\lib\\net40\\System.IO.Abstractions.dll"
      ],
      "Path": "C:\\Users\\ganga.y\\.nuget\\packages\\system.io.abstractions\\3.0.10"
    },
    {
      "Package": {
        "Id": "System.Threading.Tasks.Dataflow",
        "Version": "5.0.0"
      },
      "Assemblies": [
        "C:\\Users\\ganga.y\\.nuget\\packages\\system.threading.tasks.dataflow\\5.0.0\\lib\\net461\\System.Threading.Tasks.Dataflow.dll"
      ],
      "Path": "C:\\Users\\ganga.y\\.nuget\\packages\\system.threading.tasks.dataflow\\5.0.0"
    },
    {
      "Package": {
        "Id": "System.ValueTuple",
        "Version": "4.5.0"
      },
      "Assemblies": [
        "C:\\Users\\ganga.y\\.nuget\\packages\\system.valuetuple\\4.5.0\\lib\\net461\\System.ValueTuple.dll"
      ],
      "Path": "C:\\Users\\ganga.y\\.nuget\\packages\\system.valuetuple\\4.5.0"
    },
    {
      "Package": {
        "Id": "UiPath",
        "Version": "21.10.34.30369"
      },
      "Assemblies": [
        "C:\\Users\\ganga.y\\.nuget\\packages\\uipath\\21.10.34.30369\\lib\\net45\\UiPath.Interop.dll"
      ],
      "Path": "C:\\Users\\ganga.y\\.nuget\\packages\\uipath\\21.10.34.30369"
    },
    {
      "Package": {
        "Id": "UiPath.Activities.RuntimeGovernance",
        "Version": "1.1.3"
      },
      "Assemblies": [
        "C:\\Users\\ganga.y\\.nuget\\packages\\uipath.activities.runtimegovernance\\1.1.3\\lib\\net461\\UiPath.Activities.RuntimeGovernance.dll"
      ],
      "Path": "C:\\Users\\ganga.y\\.nuget\\packages\\uipath.activities.runtimegovernance\\1.1.3"
    },
    {
      "Package": {
        "Id": "UiPath.ImageProcessing",
        "Version": "21.10.2"
      },
      "Assemblies": [
        "C:\\Users\\ganga.y\\.nuget\\packages\\uipath.imageprocessing\\21.10.2\\lib\\net461\\UiPath.ImageProcessingInterop.dll"
      ],
      "Path": "C:\\Users\\ganga.y\\.nuget\\packages\\uipath.imageprocessing\\21.10.2"
    },
    {
      "Package": {
        "Id": "UiPath.OCR.Activities",
        "Version": "3.3.2"
      },
      "Assemblies": [
        "C:\\Users\\ganga.y\\.nuget\\packages\\uipath.ocr.activities\\3.3.2\\lib\\net461\\UiPath.OCR.Activities.Design.dll",
        "C:\\Users\\ganga.y\\.nuget\\packages\\uipath.ocr.activities\\3.3.2\\lib\\net461\\UiPath.OCR.Activities.dll",
        "C:\\Users\\ganga.y\\.nuget\\packages\\uipath.ocr.activities\\3.3.2\\lib\\net461\\UiPath.OCR.Core.dll"
      ],
      "Path": "C:\\Users\\ganga.y\\.nuget\\packages\\uipath.ocr.activities\\3.3.2"
    },
    {
      "Package": {
        "Id": "UiPath.OCR.Contracts",
        "Version": "2.9.1"
      },
      "Assemblies": [
        "C:\\Users\\ganga.y\\.nuget\\packages\\uipath.ocr.contracts\\2.9.1\\lib\\net461\\UiPath.OCR.Contracts.dll"
      ],
      "Path": "C:\\Users\\ganga.y\\.nuget\\packages\\uipath.ocr.contracts\\2.9.1"
    },
    {
      "Package": {
        "Id": "UiPath.Platform",
        "Version": "21.10.0"
      },
      "Assemblies": [
        "C:\\Users\\ganga.y\\.nuget\\packages\\uipath.platform\\21.10.0\\lib\\net461\\UiPath.Platform.dll"
      ],
      "Path": "C:\\Users\\ganga.y\\.nuget\\packages\\uipath.platform\\21.10.0"
    },
    {
      "Package": {
        "Id": "UiPath.Telemetry.Client",
        "Version": "1.5.3"
      },
      "Assemblies": [
        "C:\\Users\\ganga.y\\.nuget\\packages\\uipath.telemetry.client\\1.5.3\\lib\\net461\\TelemetryClient.dll"
      ],
      "Path": "C:\\Users\\ganga.y\\.nuget\\packages\\uipath.telemetry.client\\1.5.3"
    },
    {
      "Package": {
        "Id": "UiPath.UIAutomation.Activities",
        "Version": "21.10.5"
      },
      "Assemblies": [
        "C:\\Users\\ganga.y\\.nuget\\packages\\uipath.uiautomation.activities\\21.10.5\\lib\\net461\\UiPath.CV.Activities.Design.dll",
        "C:\\Users\\ganga.y\\.nuget\\packages\\uipath.uiautomation.activities\\21.10.5\\lib\\net461\\UiPath.CV.Activities.dll",
        "C:\\Users\\ganga.y\\.nuget\\packages\\uipath.uiautomation.activities\\21.10.5\\lib\\net461\\UiPath.CV.dll",
        "C:\\Users\\ganga.y\\.nuget\\packages\\uipath.uiautomation.activities\\21.10.5\\lib\\net461\\UiPath.UIAutomation.Activities.Design.dll",
        "C:\\Users\\ganga.y\\.nuget\\packages\\uipath.uiautomation.activities\\21.10.5\\lib\\net461\\UiPath.UIAutomationCore.dll",
        "C:\\Users\\ganga.y\\.nuget\\packages\\uipath.uiautomation.activities\\21.10.5\\lib\\net461\\UiPath.UIAutomationNext.Activities.Design.dll",
        "C:\\Users\\ganga.y\\.nuget\\packages\\uipath.uiautomation.activities\\21.10.5\\lib\\net461\\UiPath.UIAutomationNext.Activities.dll",
        "C:\\Users\\ganga.y\\.nuget\\packages\\uipath.uiautomation.activities\\21.10.5\\lib\\net461\\UiPath.UIAutomationNext.dll",
        "C:\\Users\\ganga.y\\.nuget\\packages\\uipath.uiautomation.activities\\21.10.5\\lib\\net461\\UiPath.UiAutomation.Activities.dll",
        "C:\\Users\\ganga.y\\.nuget\\packages\\uipath.uiautomation.activities\\21.10.5\\lib\\net461\\UiPath.Wizards.dll"
      ],
      "Path": "C:\\Users\\ganga.y\\.nuget\\packages\\uipath.uiautomation.activities\\21.10.5"
    },
    {
      "Package": {
        "Id": "UiPath.Vision",
        "Version": "3.1.4"
      },
      "Assemblies": [
        "C:\\Users\\ganga.y\\.nuget\\packages\\uipath.vision\\3.1.4\\lib\\net461\\UiPath.Vision.AzureComputerVision.dll",
        "C:\\Users\\ganga.y\\.nuget\\packages\\uipath.vision\\3.1.4\\lib\\net461\\UiPath.Vision.Core.dll",
        "C:\\Users\\ganga.y\\.nuget\\packages\\uipath.vision\\3.1.4\\lib\\net461\\UiPath.Vision.GoogleCloud.dll",
        "C:\\Users\\ganga.y\\.nuget\\packages\\uipath.vision\\3.1.4\\lib\\net461\\UiPath.Vision.Microsoft.dll",
        "C:\\Users\\ganga.y\\.nuget\\packages\\uipath.vision\\3.1.4\\lib\\net461\\UiPath.Vision.Tesseract.dll",
        "C:\\Users\\ganga.y\\.nuget\\packages\\uipath.vision\\3.1.4\\lib\\net461\\UiPath.Vision.dll"
      ],
      "Path": "C:\\Users\\ganga.y\\.nuget\\packages\\uipath.vision\\3.1.4"
    }
  ]
}