{
  "version": 3,
  "targets": {
    ".NETFramework,Version=v4.6.1": {
      "Newtonsoft.Json/11.0.2": {
        "type": "package",
        "compile": {
          "lib/net45/_._": {}
        },
        "runtime": {
          "lib/net45/Newtonsoft.Json.dll": {}
        }
      },
      "System.IO.Abstractions/3.0.10": {
        "type": "package",
        "frameworkAssemblies": [
          "Microsoft.CSharp",
          "System"
        ],
        "compile": {
          "lib/net40/_._": {}
        },
        "runtime": {
          "lib/net40/System.IO.Abstractions.dll": {}
        }
      },
      "System.Threading.Tasks.Dataflow/5.0.0": {
        "type": "package",
        "frameworkAssemblies": [
          "System",
          "System.Core",
          "mscorlib"
        ],
        "compile": {
          "lib/net461/_._": {}
        },
        "runtime": {
          "lib/net461/System.Threading.Tasks.Dataflow.dll": {}
        }
      },
      "System.ValueTuple/4.5.0": {
        "type": "package",
        "frameworkAssemblies": [
          "System",
          "mscorlib"
        ],
        "compile": {
          "ref/net461/_._": {}
        },
        "runtime": {
          "lib/net461/System.ValueTuple.dll": {}
        }
      },
      "UiPath/21.10.34.30369": {
        "type": "package",
        "compile": {
          "lib/net45/_._": {}
        },
        "runtime": {
          "lib/net45/UiPath.Interop.dll": {}
        },
        "build": {
          "build/_._": {}
        }
      },
      "UiPath.Activities.RuntimeGovernance/1.1.3": {
        "type": "package",
        "dependencies": {
          "Newtonsoft.Json": "11.0.2"
        },
        "frameworkAssemblies": [
          "System.Activities",
          "System.Net.Http"
        ],
        "compile": {
          "lib/net461/_._": {}
        },
        "runtime": {
          "lib/net461/UiPath.Activities.RuntimeGovernance.dll": {}
        }
      },
      "UiPath.ImageProcessing/21.10.2": {
        "type": "package",
        "compile": {
          "lib/net461/_._": {}
        },
        "runtime": {
          "lib/net461/UiPath.ImageProcessingInterop.dll": {}
        }
      },
      "UiPath.OCR.Activities/3.3.2": {
        "type": "package",
        "dependencies": {
          "UiPath.OCR.Contracts": "2.9.1"
        },
        "compile": {
          "lib/net461/_._": {}
        },
        "runtime": {
          "lib/net461/UiPath.OCR.Activities.Design.dll": {},
          "lib/net461/UiPath.OCR.Activities.dll": {},
          "lib/net461/UiPath.OCR.Core.dll": {}
        },
        "resource": {
          "lib/net461/de/UiPath.OCR.Activities.Design.resources.dll": {
            "locale": "de"
          },
          "lib/net461/de/UiPath.OCR.Activities.resources.dll": {
            "locale": "de"
          },
          "lib/net461/es-MX/UiPath.OCR.Activities.Design.resources.dll": {
            "locale": "es-MX"
          },
          "lib/net461/es-MX/UiPath.OCR.Activities.resources.dll": {
            "locale": "es-MX"
          },
          "lib/net461/es/UiPath.OCR.Activities.Design.resources.dll": {
            "locale": "es"
          },
          "lib/net461/es/UiPath.OCR.Activities.resources.dll": {
            "locale": "es"
          },
          "lib/net461/fr/UiPath.OCR.Activities.Design.resources.dll": {
            "locale": "fr"
          },
          "lib/net461/fr/UiPath.OCR.Activities.resources.dll": {
            "locale": "fr"
          },
          "lib/net461/ja/UiPath.OCR.Activities.Design.resources.dll": {
            "locale": "ja"
          },
          "lib/net461/ja/UiPath.OCR.Activities.resources.dll": {
            "locale": "ja"
          },
          "lib/net461/ko/UiPath.OCR.Activities.Design.resources.dll": {
            "locale": "ko"
          },
          "lib/net461/ko/UiPath.OCR.Activities.resources.dll": {
            "locale": "ko"
          },
          "lib/net461/pt-BR/UiPath.OCR.Activities.Design.resources.dll": {
            "locale": "pt-BR"
          },
          "lib/net461/pt-BR/UiPath.OCR.Activities.resources.dll": {
            "locale": "pt-BR"
          },
          "lib/net461/pt/UiPath.OCR.Activities.Design.resources.dll": {
            "locale": "pt"
          },
          "lib/net461/pt/UiPath.OCR.Activities.resources.dll": {
            "locale": "pt"
          },
          "lib/net461/ru/UiPath.OCR.Activities.Design.resources.dll": {
            "locale": "ru"
          },
          "lib/net461/ru/UiPath.OCR.Activities.resources.dll": {
            "locale": "ru"
          },
          "lib/net461/tr/UiPath.OCR.Activities.Design.resources.dll": {
            "locale": "tr"
          },
          "lib/net461/tr/UiPath.OCR.Activities.resources.dll": {
            "locale": "tr"
          },
          "lib/net461/zh-CN/UiPath.OCR.Activities.Design.resources.dll": {
            "locale": "zh-CN"
          },
          "lib/net461/zh-CN/UiPath.OCR.Activities.resources.dll": {
            "locale": "zh-CN"
          }
        }
      },
      "UiPath.OCR.Contracts/2.9.1": {
        "type": "package",
        "frameworkAssemblies": [
          "System.Activities"
        ],
        "compile": {
          "lib/net461/_._": {}
        },
        "runtime": {
          "lib/net461/UiPath.OCR.Contracts.dll": {}
        }
      },
      "UiPath.Platform/21.10.0": {
        "type": "package",
        "dependencies": {
          "Newtonsoft.Json": "11.0.2",
          "System.IO.Abstractions": "3.0.10",
          "System.ValueTuple": "4.5.0"
        },
        "frameworkAssemblies": [
          "System.Activities"
        ],
        "compile": {
          "lib/net461/_._": {}
        },
        "runtime": {
          "lib/net461/UiPath.Platform.dll": {}
        }
      },
      "UiPath.Telemetry.Client/1.5.3": {
        "type": "package",
        "dependencies": {
          "Newtonsoft.Json": "11.0.2",
          "System.Threading.Tasks.Dataflow": "5.0.0",
          "System.ValueTuple": "4.5.0"
        },
        "compile": {
          "lib/net461/_._": {}
        },
        "runtime": {
          "lib/net461/TelemetryClient.dll": {}
        }
      },
      "UiPath.UIAutomation.Activities/21.10.5": {
        "type": "package",
        "dependencies": {
          "Newtonsoft.Json": "11.0.2",
          "System.IO.Abstractions": "3.0.10",
          "UiPath": "[21.10.34.30369]",
          "UiPath.Activities.RuntimeGovernance": "1.1.3",
          "UiPath.ImageProcessing": "21.10.2",
          "UiPath.OCR.Activities": "3.3.2",
          "UiPath.OCR.Contracts": "2.9.1",
          "UiPath.Platform": "21.10.0",
          "UiPath.Telemetry.Client": "1.5.3",
          "UiPath.Vision": "3.1.4"
        },
        "compile": {
          "lib/net461/_._": {}
        },
        "runtime": {
          "lib/net461/UiPath.CV.Activities.Design.dll": {},
          "lib/net461/UiPath.CV.Activities.dll": {},
          "lib/net461/UiPath.CV.dll": {},
          "lib/net461/UiPath.UIAutomation.Activities.Design.dll": {},
          "lib/net461/UiPath.UIAutomationCore.dll": {},
          "lib/net461/UiPath.UIAutomationNext.Activities.Design.dll": {},
          "lib/net461/UiPath.UIAutomationNext.Activities.dll": {},
          "lib/net461/UiPath.UIAutomationNext.dll": {},
          "lib/net461/UiPath.UiAutomation.Activities.dll": {},
          "lib/net461/UiPath.Wizards.dll": {}
        },
        "resource": {
          "lib/net461/de/UiPath.CV.Activities.Design.resources.dll": {
            "locale": "de"
          },
          "lib/net461/de/UiPath.CV.Activities.resources.dll": {
            "locale": "de"
          },
          "lib/net461/de/UiPath.CV.resources.dll": {
            "locale": "de"
          },
          "lib/net461/de/UiPath.UIAutomation.Activities.Design.resources.dll": {
            "locale": "de"
          },
          "lib/net461/de/UiPath.UIAutomationNext.Activities.Design.resources.dll": {
            "locale": "de"
          },
          "lib/net461/de/UiPath.UIAutomationNext.resources.dll": {
            "locale": "de"
          },
          "lib/net461/de/UiPath.UiAutomation.Activities.resources.dll": {
            "locale": "de"
          },
          "lib/net461/de/UiPath.Wizards.resources.dll": {
            "locale": "de"
          },
          "lib/net461/es-MX/UiPath.CV.Activities.Design.resources.dll": {
            "locale": "es-MX"
          },
          "lib/net461/es-MX/UiPath.CV.Activities.resources.dll": {
            "locale": "es-MX"
          },
          "lib/net461/es-MX/UiPath.CV.resources.dll": {
            "locale": "es-MX"
          },
          "lib/net461/es-MX/UiPath.UIAutomation.Activities.Design.resources.dll": {
            "locale": "es-MX"
          },
          "lib/net461/es-MX/UiPath.UIAutomationNext.Activities.Design.resources.dll": {
            "locale": "es-MX"
          },
          "lib/net461/es-MX/UiPath.UIAutomationNext.resources.dll": {
            "locale": "es-MX"
          },
          "lib/net461/es-MX/UiPath.UiAutomation.Activities.resources.dll": {
            "locale": "es-MX"
          },
          "lib/net461/es-MX/UiPath.Wizards.resources.dll": {
            "locale": "es-MX"
          },
          "lib/net461/es/UiPath.CV.Activities.Design.resources.dll": {
            "locale": "es"
          },
          "lib/net461/es/UiPath.CV.Activities.resources.dll": {
            "locale": "es"
          },
          "lib/net461/es/UiPath.CV.resources.dll": {
            "locale": "es"
          },
          "lib/net461/es/UiPath.UIAutomation.Activities.Design.resources.dll": {
            "locale": "es"
          },
          "lib/net461/es/UiPath.UIAutomationNext.Activities.Design.resources.dll": {
            "locale": "es"
          },
          "lib/net461/es/UiPath.UIAutomationNext.resources.dll": {
            "locale": "es"
          },
          "lib/net461/es/UiPath.UiAutomation.Activities.resources.dll": {
            "locale": "es"
          },
          "lib/net461/es/UiPath.Wizards.resources.dll": {
            "locale": "es"
          },
          "lib/net461/fr/UiPath.CV.Activities.Design.resources.dll": {
            "locale": "fr"
          },
          "lib/net461/fr/UiPath.CV.Activities.resources.dll": {
            "locale": "fr"
          },
          "lib/net461/fr/UiPath.CV.resources.dll": {
            "locale": "fr"
          },
          "lib/net461/fr/UiPath.UIAutomation.Activities.Design.resources.dll": {
            "locale": "fr"
          },
          "lib/net461/fr/UiPath.UIAutomationNext.Activities.Design.resources.dll": {
            "locale": "fr"
          },
          "lib/net461/fr/UiPath.UIAutomationNext.resources.dll": {
            "locale": "fr"
          },
          "lib/net461/fr/UiPath.UiAutomation.Activities.resources.dll": {
            "locale": "fr"
          },
          "lib/net461/fr/UiPath.Wizards.resources.dll": {
            "locale": "fr"
          },
          "lib/net461/ja/UiPath.CV.Activities.Design.resources.dll": {
            "locale": "ja"
          },
          "lib/net461/ja/UiPath.CV.Activities.resources.dll": {
            "locale": "ja"
          },
          "lib/net461/ja/UiPath.CV.resources.dll": {
            "locale": "ja"
          },
          "lib/net461/ja/UiPath.UIAutomation.Activities.Design.resources.dll": {
            "locale": "ja"
          },
          "lib/net461/ja/UiPath.UIAutomationNext.Activities.Design.resources.dll": {
            "locale": "ja"
          },
          "lib/net461/ja/UiPath.UIAutomationNext.resources.dll": {
            "locale": "ja"
          },
          "lib/net461/ja/UiPath.UiAutomation.Activities.resources.dll": {
            "locale": "ja"
          },
          "lib/net461/ja/UiPath.Wizards.resources.dll": {
            "locale": "ja"
          },
          "lib/net461/ko/UiPath.CV.Activities.Design.resources.dll": {
            "locale": "ko"
          },
          "lib/net461/ko/UiPath.CV.Activities.resources.dll": {
            "locale": "ko"
          },
          "lib/net461/ko/UiPath.CV.resources.dll": {
            "locale": "ko"
          },
          "lib/net461/ko/UiPath.UIAutomation.Activities.Design.resources.dll": {
            "locale": "ko"
          },
          "lib/net461/ko/UiPath.UIAutomationNext.Activities.Design.resources.dll": {
            "locale": "ko"
          },
          "lib/net461/ko/UiPath.UIAutomationNext.resources.dll": {
            "locale": "ko"
          },
          "lib/net461/ko/UiPath.UiAutomation.Activities.resources.dll": {
            "locale": "ko"
          },
          "lib/net461/ko/UiPath.Wizards.resources.dll": {
            "locale": "ko"
          },
          "lib/net461/pt-BR/UiPath.CV.Activities.Design.resources.dll": {
            "locale": "pt-BR"
          },
          "lib/net461/pt-BR/UiPath.CV.Activities.resources.dll": {
            "locale": "pt-BR"
          },
          "lib/net461/pt-BR/UiPath.CV.resources.dll": {
            "locale": "pt-BR"
          },
          "lib/net461/pt-BR/UiPath.UIAutomation.Activities.Design.resources.dll": {
            "locale": "pt-BR"
          },
          "lib/net461/pt-BR/UiPath.UIAutomationNext.Activities.Design.resources.dll": {
            "locale": "pt-BR"
          },
          "lib/net461/pt-BR/UiPath.UIAutomationNext.resources.dll": {
            "locale": "pt-BR"
          },
          "lib/net461/pt-BR/UiPath.UiAutomation.Activities.resources.dll": {
            "locale": "pt-BR"
          },
          "lib/net461/pt-BR/UiPath.Wizards.resources.dll": {
            "locale": "pt-BR"
          },
          "lib/net461/pt/UiPath.CV.Activities.Design.resources.dll": {
            "locale": "pt"
          },
          "lib/net461/pt/UiPath.CV.Activities.resources.dll": {
            "locale": "pt"
          },
          "lib/net461/pt/UiPath.CV.resources.dll": {
            "locale": "pt"
          },
          "lib/net461/pt/UiPath.UIAutomation.Activities.Design.resources.dll": {
            "locale": "pt"
          },
          "lib/net461/pt/UiPath.UIAutomationNext.Activities.Design.resources.dll": {
            "locale": "pt"
          },
          "lib/net461/pt/UiPath.UIAutomationNext.resources.dll": {
            "locale": "pt"
          },
          "lib/net461/pt/UiPath.UiAutomation.Activities.resources.dll": {
            "locale": "pt"
          },
          "lib/net461/pt/UiPath.Wizards.resources.dll": {
            "locale": "pt"
          },
          "lib/net461/ru/UiPath.CV.Activities.Design.resources.dll": {
            "locale": "ru"
          },
          "lib/net461/ru/UiPath.CV.Activities.resources.dll": {
            "locale": "ru"
          },
          "lib/net461/ru/UiPath.CV.resources.dll": {
            "locale": "ru"
          },
          "lib/net461/ru/UiPath.UIAutomation.Activities.Design.resources.dll": {
            "locale": "ru"
          },
          "lib/net461/ru/UiPath.UIAutomationNext.Activities.Design.resources.dll": {
            "locale": "ru"
          },
          "lib/net461/ru/UiPath.UIAutomationNext.resources.dll": {
            "locale": "ru"
          },
          "lib/net461/ru/UiPath.UiAutomation.Activities.resources.dll": {
            "locale": "ru"
          },
          "lib/net461/ru/UiPath.Wizards.resources.dll": {
            "locale": "ru"
          },
          "lib/net461/tr/UiPath.CV.Activities.Design.resources.dll": {
            "locale": "tr"
          },
          "lib/net461/tr/UiPath.CV.Activities.resources.dll": {
            "locale": "tr"
          },
          "lib/net461/tr/UiPath.CV.resources.dll": {
            "locale": "tr"
          },
          "lib/net461/tr/UiPath.UIAutomation.Activities.Design.resources.dll": {
            "locale": "tr"
          },
          "lib/net461/tr/UiPath.UIAutomationNext.Activities.Design.resources.dll": {
            "locale": "tr"
          },
          "lib/net461/tr/UiPath.UIAutomationNext.resources.dll": {
            "locale": "tr"
          },
          "lib/net461/tr/UiPath.UiAutomation.Activities.resources.dll": {
            "locale": "tr"
          },
          "lib/net461/tr/UiPath.Wizards.resources.dll": {
            "locale": "tr"
          },
          "lib/net461/zh-CN/UiPath.CV.Activities.Design.resources.dll": {
            "locale": "zh-CN"
          },
          "lib/net461/zh-CN/UiPath.CV.Activities.resources.dll": {
            "locale": "zh-CN"
          },
          "lib/net461/zh-CN/UiPath.CV.resources.dll": {
            "locale": "zh-CN"
          },
          "lib/net461/zh-CN/UiPath.UIAutomation.Activities.Design.resources.dll": {
            "locale": "zh-CN"
          },
          "lib/net461/zh-CN/UiPath.UIAutomationNext.Activities.Design.resources.dll": {
            "locale": "zh-CN"
          },
          "lib/net461/zh-CN/UiPath.UIAutomationNext.resources.dll": {
            "locale": "zh-CN"
          },
          "lib/net461/zh-CN/UiPath.UiAutomation.Activities.resources.dll": {
            "locale": "zh-CN"
          },
          "lib/net461/zh-CN/UiPath.Wizards.resources.dll": {
            "locale": "zh-CN"
          }
        }
      },
      "UiPath.Vision/3.1.4": {
        "type": "package",
        "dependencies": {
          "UiPath.OCR.Contracts": "2.9.1"
        },
        "compile": {
          "lib/net461/_._": {}
        },
        "runtime": {
          "lib/net461/UiPath.Vision.AzureComputerVision.dll": {},
          "lib/net461/UiPath.Vision.Core.dll": {},
          "lib/net461/UiPath.Vision.GoogleCloud.dll": {},
          "lib/net461/UiPath.Vision.Microsoft.dll": {},
          "lib/net461/UiPath.Vision.Tesseract.dll": {},
          "lib/net461/UiPath.Vision.dll": {}
        }
      }
    },
    ".NETFramework,Version=v4.6.1/win10-x64": {
      "Newtonsoft.Json/11.0.2": {
        "type": "package",
        "compile": {
          "lib/net45/_._": {}
        },
        "runtime": {
          "lib/net45/Newtonsoft.Json.dll": {}
        }
      },
      "System.IO.Abstractions/3.0.10": {
        "type": "package",
        "frameworkAssemblies": [
          "Microsoft.CSharp",
          "System"
        ],
        "compile": {
          "lib/net40/_._": {}
        },
        "runtime": {
          "lib/net40/System.IO.Abstractions.dll": {}
        }
      },
      "System.Threading.Tasks.Dataflow/5.0.0": {
        "type": "package",
        "frameworkAssemblies": [
          "System",
          "System.Core",
          "mscorlib"
        ],
        "compile": {
          "lib/net461/_._": {}
        },
        "runtime": {
          "lib/net461/System.Threading.Tasks.Dataflow.dll": {}
        }
      },
      "System.ValueTuple/4.5.0": {
        "type": "package",
        "frameworkAssemblies": [
          "System",
          "mscorlib"
        ],
        "compile": {
          "ref/net461/_._": {}
        },
        "runtime": {
          "lib/net461/System.ValueTuple.dll": {}
        }
      },
      "UiPath/21.10.34.30369": {
        "type": "package",
        "compile": {
          "lib/net45/_._": {}
        },
        "runtime": {
          "lib/net45/UiPath.Interop.dll": {}
        },
        "build": {
          "build/_._": {}
        }
      },
      "UiPath.Activities.RuntimeGovernance/1.1.3": {
        "type": "package",
        "dependencies": {
          "Newtonsoft.Json": "11.0.2"
        },
        "frameworkAssemblies": [
          "System.Activities",
          "System.Net.Http"
        ],
        "compile": {
          "lib/net461/_._": {}
        },
        "runtime": {
          "lib/net461/UiPath.Activities.RuntimeGovernance.dll": {}
        }
      },
      "UiPath.ImageProcessing/21.10.2": {
        "type": "package",
        "compile": {
          "lib/net461/_._": {}
        },
        "runtime": {
          "lib/net461/UiPath.ImageProcessingInterop.dll": {}
        }
      },
      "UiPath.OCR.Activities/3.3.2": {
        "type": "package",
        "dependencies": {
          "UiPath.OCR.Contracts": "2.9.1"
        },
        "compile": {
          "lib/net461/_._": {}
        },
        "runtime": {
          "lib/net461/UiPath.OCR.Activities.Design.dll": {},
          "lib/net461/UiPath.OCR.Activities.dll": {},
          "lib/net461/UiPath.OCR.Core.dll": {}
        },
        "resource": {
          "lib/net461/de/UiPath.OCR.Activities.Design.resources.dll": {
            "locale": "de"
          },
          "lib/net461/de/UiPath.OCR.Activities.resources.dll": {
            "locale": "de"
          },
          "lib/net461/es-MX/UiPath.OCR.Activities.Design.resources.dll": {
            "locale": "es-MX"
          },
          "lib/net461/es-MX/UiPath.OCR.Activities.resources.dll": {
            "locale": "es-MX"
          },
          "lib/net461/es/UiPath.OCR.Activities.Design.resources.dll": {
            "locale": "es"
          },
          "lib/net461/es/UiPath.OCR.Activities.resources.dll": {
            "locale": "es"
          },
          "lib/net461/fr/UiPath.OCR.Activities.Design.resources.dll": {
            "locale": "fr"
          },
          "lib/net461/fr/UiPath.OCR.Activities.resources.dll": {
            "locale": "fr"
          },
          "lib/net461/ja/UiPath.OCR.Activities.Design.resources.dll": {
            "locale": "ja"
          },
          "lib/net461/ja/UiPath.OCR.Activities.resources.dll": {
            "locale": "ja"
          },
          "lib/net461/ko/UiPath.OCR.Activities.Design.resources.dll": {
            "locale": "ko"
          },
          "lib/net461/ko/UiPath.OCR.Activities.resources.dll": {
            "locale": "ko"
          },
          "lib/net461/pt-BR/UiPath.OCR.Activities.Design.resources.dll": {
            "locale": "pt-BR"
          },
          "lib/net461/pt-BR/UiPath.OCR.Activities.resources.dll": {
            "locale": "pt-BR"
          },
          "lib/net461/pt/UiPath.OCR.Activities.Design.resources.dll": {
            "locale": "pt"
          },
          "lib/net461/pt/UiPath.OCR.Activities.resources.dll": {
            "locale": "pt"
          },
          "lib/net461/ru/UiPath.OCR.Activities.Design.resources.dll": {
            "locale": "ru"
          },
          "lib/net461/ru/UiPath.OCR.Activities.resources.dll": {
            "locale": "ru"
          },
          "lib/net461/tr/UiPath.OCR.Activities.Design.resources.dll": {
            "locale": "tr"
          },
          "lib/net461/tr/UiPath.OCR.Activities.resources.dll": {
            "locale": "tr"
          },
          "lib/net461/zh-CN/UiPath.OCR.Activities.Design.resources.dll": {
            "locale": "zh-CN"
          },
          "lib/net461/zh-CN/UiPath.OCR.Activities.resources.dll": {
            "locale": "zh-CN"
          }
        }
      },
      "UiPath.OCR.Contracts/2.9.1": {
        "type": "package",
        "frameworkAssemblies": [
          "System.Activities"
        ],
        "compile": {
          "lib/net461/_._": {}
        },
        "runtime": {
          "lib/net461/UiPath.OCR.Contracts.dll": {}
        }
      },
      "UiPath.Platform/21.10.0": {
        "type": "package",
        "dependencies": {
          "Newtonsoft.Json": "11.0.2",
          "System.IO.Abstractions": "3.0.10",
          "System.ValueTuple": "4.5.0"
        },
        "frameworkAssemblies": [
          "System.Activities"
        ],
        "compile": {
          "lib/net461/_._": {}
        },
        "runtime": {
          "lib/net461/UiPath.Platform.dll": {}
        }
      },
      "UiPath.Telemetry.Client/1.5.3": {
        "type": "package",
        "dependencies": {
          "Newtonsoft.Json": "11.0.2",
          "System.Threading.Tasks.Dataflow": "5.0.0",
          "System.ValueTuple": "4.5.0"
        },
        "compile": {
          "lib/net461/_._": {}
        },
        "runtime": {
          "lib/net461/TelemetryClient.dll": {}
        }
      },
      "UiPath.UIAutomation.Activities/21.10.5": {
        "type": "package",
        "dependencies": {
          "Newtonsoft.Json": "11.0.2",
          "System.IO.Abstractions": "3.0.10",
          "UiPath": "[21.10.34.30369]",
          "UiPath.Activities.RuntimeGovernance": "1.1.3",
          "UiPath.ImageProcessing": "21.10.2",
          "UiPath.OCR.Activities": "3.3.2",
          "UiPath.OCR.Contracts": "2.9.1",
          "UiPath.Platform": "21.10.0",
          "UiPath.Telemetry.Client": "1.5.3",
          "UiPath.Vision": "3.1.4"
        },
        "compile": {
          "lib/net461/_._": {}
        },
        "runtime": {
          "lib/net461/UiPath.CV.Activities.Design.dll": {},
          "lib/net461/UiPath.CV.Activities.dll": {},
          "lib/net461/UiPath.CV.dll": {},
          "lib/net461/UiPath.UIAutomation.Activities.Design.dll": {},
          "lib/net461/UiPath.UIAutomationCore.dll": {},
          "lib/net461/UiPath.UIAutomationNext.Activities.Design.dll": {},
          "lib/net461/UiPath.UIAutomationNext.Activities.dll": {},
          "lib/net461/UiPath.UIAutomationNext.dll": {},
          "lib/net461/UiPath.UiAutomation.Activities.dll": {},
          "lib/net461/UiPath.Wizards.dll": {}
        },
        "resource": {
          "lib/net461/de/UiPath.CV.Activities.Design.resources.dll": {
            "locale": "de"
          },
          "lib/net461/de/UiPath.CV.Activities.resources.dll": {
            "locale": "de"
          },
          "lib/net461/de/UiPath.CV.resources.dll": {
            "locale": "de"
          },
          "lib/net461/de/UiPath.UIAutomation.Activities.Design.resources.dll": {
            "locale": "de"
          },
          "lib/net461/de/UiPath.UIAutomationNext.Activities.Design.resources.dll": {
            "locale": "de"
          },
          "lib/net461/de/UiPath.UIAutomationNext.resources.dll": {
            "locale": "de"
          },
          "lib/net461/de/UiPath.UiAutomation.Activities.resources.dll": {
            "locale": "de"
          },
          "lib/net461/de/UiPath.Wizards.resources.dll": {
            "locale": "de"
          },
          "lib/net461/es-MX/UiPath.CV.Activities.Design.resources.dll": {
            "locale": "es-MX"
          },
          "lib/net461/es-MX/UiPath.CV.Activities.resources.dll": {
            "locale": "es-MX"
          },
          "lib/net461/es-MX/UiPath.CV.resources.dll": {
            "locale": "es-MX"
          },
          "lib/net461/es-MX/UiPath.UIAutomation.Activities.Design.resources.dll": {
            "locale": "es-MX"
          },
          "lib/net461/es-MX/UiPath.UIAutomationNext.Activities.Design.resources.dll": {
            "locale": "es-MX"
          },
          "lib/net461/es-MX/UiPath.UIAutomationNext.resources.dll": {
            "locale": "es-MX"
          },
          "lib/net461/es-MX/UiPath.UiAutomation.Activities.resources.dll": {
            "locale": "es-MX"
          },
          "lib/net461/es-MX/UiPath.Wizards.resources.dll": {
            "locale": "es-MX"
          },
          "lib/net461/es/UiPath.CV.Activities.Design.resources.dll": {
            "locale": "es"
          },
          "lib/net461/es/UiPath.CV.Activities.resources.dll": {
            "locale": "es"
          },
          "lib/net461/es/UiPath.CV.resources.dll": {
            "locale": "es"
          },
          "lib/net461/es/UiPath.UIAutomation.Activities.Design.resources.dll": {
            "locale": "es"
          },
          "lib/net461/es/UiPath.UIAutomationNext.Activities.Design.resources.dll": {
            "locale": "es"
          },
          "lib/net461/es/UiPath.UIAutomationNext.resources.dll": {
            "locale": "es"
          },
          "lib/net461/es/UiPath.UiAutomation.Activities.resources.dll": {
            "locale": "es"
          },
          "lib/net461/es/UiPath.Wizards.resources.dll": {
            "locale": "es"
          },
          "lib/net461/fr/UiPath.CV.Activities.Design.resources.dll": {
            "locale": "fr"
          },
          "lib/net461/fr/UiPath.CV.Activities.resources.dll": {
            "locale": "fr"
          },
          "lib/net461/fr/UiPath.CV.resources.dll": {
            "locale": "fr"
          },
          "lib/net461/fr/UiPath.UIAutomation.Activities.Design.resources.dll": {
            "locale": "fr"
          },
          "lib/net461/fr/UiPath.UIAutomationNext.Activities.Design.resources.dll": {
            "locale": "fr"
          },
          "lib/net461/fr/UiPath.UIAutomationNext.resources.dll": {
            "locale": "fr"
          },
          "lib/net461/fr/UiPath.UiAutomation.Activities.resources.dll": {
            "locale": "fr"
          },
          "lib/net461/fr/UiPath.Wizards.resources.dll": {
            "locale": "fr"
          },
          "lib/net461/ja/UiPath.CV.Activities.Design.resources.dll": {
            "locale": "ja"
          },
          "lib/net461/ja/UiPath.CV.Activities.resources.dll": {
            "locale": "ja"
          },
          "lib/net461/ja/UiPath.CV.resources.dll": {
            "locale": "ja"
          },
          "lib/net461/ja/UiPath.UIAutomation.Activities.Design.resources.dll": {
            "locale": "ja"
          },
          "lib/net461/ja/UiPath.UIAutomationNext.Activities.Design.resources.dll": {
            "locale": "ja"
          },
          "lib/net461/ja/UiPath.UIAutomationNext.resources.dll": {
            "locale": "ja"
          },
          "lib/net461/ja/UiPath.UiAutomation.Activities.resources.dll": {
            "locale": "ja"
          },
          "lib/net461/ja/UiPath.Wizards.resources.dll": {
            "locale": "ja"
          },
          "lib/net461/ko/UiPath.CV.Activities.Design.resources.dll": {
            "locale": "ko"
          },
          "lib/net461/ko/UiPath.CV.Activities.resources.dll": {
            "locale": "ko"
          },
          "lib/net461/ko/UiPath.CV.resources.dll": {
            "locale": "ko"
          },
          "lib/net461/ko/UiPath.UIAutomation.Activities.Design.resources.dll": {
            "locale": "ko"
          },
          "lib/net461/ko/UiPath.UIAutomationNext.Activities.Design.resources.dll": {
            "locale": "ko"
          },
          "lib/net461/ko/UiPath.UIAutomationNext.resources.dll": {
            "locale": "ko"
          },
          "lib/net461/ko/UiPath.UiAutomation.Activities.resources.dll": {
            "locale": "ko"
          },
          "lib/net461/ko/UiPath.Wizards.resources.dll": {
            "locale": "ko"
          },
          "lib/net461/pt-BR/UiPath.CV.Activities.Design.resources.dll": {
            "locale": "pt-BR"
          },
          "lib/net461/pt-BR/UiPath.CV.Activities.resources.dll": {
            "locale": "pt-BR"
          },
          "lib/net461/pt-BR/UiPath.CV.resources.dll": {
            "locale": "pt-BR"
          },
          "lib/net461/pt-BR/UiPath.UIAutomation.Activities.Design.resources.dll": {
            "locale": "pt-BR"
          },
          "lib/net461/pt-BR/UiPath.UIAutomationNext.Activities.Design.resources.dll": {
            "locale": "pt-BR"
          },
          "lib/net461/pt-BR/UiPath.UIAutomationNext.resources.dll": {
            "locale": "pt-BR"
          },
          "lib/net461/pt-BR/UiPath.UiAutomation.Activities.resources.dll": {
            "locale": "pt-BR"
          },
          "lib/net461/pt-BR/UiPath.Wizards.resources.dll": {
            "locale": "pt-BR"
          },
          "lib/net461/pt/UiPath.CV.Activities.Design.resources.dll": {
            "locale": "pt"
          },
          "lib/net461/pt/UiPath.CV.Activities.resources.dll": {
            "locale": "pt"
          },
          "lib/net461/pt/UiPath.CV.resources.dll": {
            "locale": "pt"
          },
          "lib/net461/pt/UiPath.UIAutomation.Activities.Design.resources.dll": {
            "locale": "pt"
          },
          "lib/net461/pt/UiPath.UIAutomationNext.Activities.Design.resources.dll": {
            "locale": "pt"
          },
          "lib/net461/pt/UiPath.UIAutomationNext.resources.dll": {
            "locale": "pt"
          },
          "lib/net461/pt/UiPath.UiAutomation.Activities.resources.dll": {
            "locale": "pt"
          },
          "lib/net461/pt/UiPath.Wizards.resources.dll": {
            "locale": "pt"
          },
          "lib/net461/ru/UiPath.CV.Activities.Design.resources.dll": {
            "locale": "ru"
          },
          "lib/net461/ru/UiPath.CV.Activities.resources.dll": {
            "locale": "ru"
          },
          "lib/net461/ru/UiPath.CV.resources.dll": {
            "locale": "ru"
          },
          "lib/net461/ru/UiPath.UIAutomation.Activities.Design.resources.dll": {
            "locale": "ru"
          },
          "lib/net461/ru/UiPath.UIAutomationNext.Activities.Design.resources.dll": {
            "locale": "ru"
          },
          "lib/net461/ru/UiPath.UIAutomationNext.resources.dll": {
            "locale": "ru"
          },
          "lib/net461/ru/UiPath.UiAutomation.Activities.resources.dll": {
            "locale": "ru"
          },
          "lib/net461/ru/UiPath.Wizards.resources.dll": {
            "locale": "ru"
          },
          "lib/net461/tr/UiPath.CV.Activities.Design.resources.dll": {
            "locale": "tr"
          },
          "lib/net461/tr/UiPath.CV.Activities.resources.dll": {
            "locale": "tr"
          },
          "lib/net461/tr/UiPath.CV.resources.dll": {
            "locale": "tr"
          },
          "lib/net461/tr/UiPath.UIAutomation.Activities.Design.resources.dll": {
            "locale": "tr"
          },
          "lib/net461/tr/UiPath.UIAutomationNext.Activities.Design.resources.dll": {
            "locale": "tr"
          },
          "lib/net461/tr/UiPath.UIAutomationNext.resources.dll": {
            "locale": "tr"
          },
          "lib/net461/tr/UiPath.UiAutomation.Activities.resources.dll": {
            "locale": "tr"
          },
          "lib/net461/tr/UiPath.Wizards.resources.dll": {
            "locale": "tr"
          },
          "lib/net461/zh-CN/UiPath.CV.Activities.Design.resources.dll": {
            "locale": "zh-CN"
          },
          "lib/net461/zh-CN/UiPath.CV.Activities.resources.dll": {
            "locale": "zh-CN"
          },
          "lib/net461/zh-CN/UiPath.CV.resources.dll": {
            "locale": "zh-CN"
          },
          "lib/net461/zh-CN/UiPath.UIAutomation.Activities.Design.resources.dll": {
            "locale": "zh-CN"
          },
          "lib/net461/zh-CN/UiPath.UIAutomationNext.Activities.Design.resources.dll": {
            "locale": "zh-CN"
          },
          "lib/net461/zh-CN/UiPath.UIAutomationNext.resources.dll": {
            "locale": "zh-CN"
          },
          "lib/net461/zh-CN/UiPath.UiAutomation.Activities.resources.dll": {
            "locale": "zh-CN"
          },
          "lib/net461/zh-CN/UiPath.Wizards.resources.dll": {
            "locale": "zh-CN"
          }
        }
      },
      "UiPath.Vision/3.1.4": {
        "type": "package",
        "dependencies": {
          "UiPath.OCR.Contracts": "2.9.1"
        },
        "compile": {
          "lib/net461/_._": {}
        },
        "runtime": {
          "lib/net461/UiPath.Vision.AzureComputerVision.dll": {},
          "lib/net461/UiPath.Vision.Core.dll": {},
          "lib/net461/UiPath.Vision.GoogleCloud.dll": {},
          "lib/net461/UiPath.Vision.Microsoft.dll": {},
          "lib/net461/UiPath.Vision.Tesseract.dll": {},
          "lib/net461/UiPath.Vision.dll": {}
        }
      }
    }
  },
  "libraries": {
    "Newtonsoft.Json/11.0.2": {
      "sha512": "IvJe1pj7JHEsP8B8J8DwlMEx8UInrs/x+9oVY+oCD13jpLu4JbJU2WCIsMRn5C4yW9+DgkaO8uiVE5VHKjpmdQ==",
      "type": "package",
      "path": "newtonsoft.json/11.0.2",
      "files": [
        ".nupkg.metadata",
        ".signature.p7s",
        "LICENSE.md",
        "lib/net20/Newtonsoft.Json.dll",
        "lib/net20/Newtonsoft.Json.xml",
        "lib/net35/Newtonsoft.Json.dll",
        "lib/net35/Newtonsoft.Json.xml",
        "lib/net40/Newtonsoft.Json.dll",
        "lib/net40/Newtonsoft.Json.xml",
        "lib/net45/Newtonsoft.Json.dll",
        "lib/net45/Newtonsoft.Json.xml",
        "lib/netstandard1.0/Newtonsoft.Json.dll",
        "lib/netstandard1.0/Newtonsoft.Json.xml",
        "lib/netstandard1.3/Newtonsoft.Json.dll",
        "lib/netstandard1.3/Newtonsoft.Json.xml",
        "lib/netstandard2.0/Newtonsoft.Json.dll",
        "lib/netstandard2.0/Newtonsoft.Json.xml",
        "lib/portable-net40+sl5+win8+wp8+wpa81/Newtonsoft.Json.dll",
        "lib/portable-net40+sl5+win8+wp8+wpa81/Newtonsoft.Json.xml",
        "lib/portable-net45+win8+wp8+wpa81/Newtonsoft.Json.dll",
        "lib/portable-net45+win8+wp8+wpa81/Newtonsoft.Json.xml",
        "newtonsoft.json.11.0.2.nupkg.sha512",
        "newtonsoft.json.nuspec"
      ]
    },
    "System.IO.Abstractions/3.0.10": {
      "sha512": "15N2bCO8DLGzrnDyPwQ0653bTCmyJW4Ajw6yeFkJR74VptVvnGINcU5ibX4isxGkvi+YevK7JyVyjiJh6X91kA==",
      "type": "package",
      "path": "system.io.abstractions/3.0.10",
      "files": [
        ".nupkg.metadata",
        ".signature.p7s",
        "lib/net40/System.IO.Abstractions.dll",
        "lib/net40/System.IO.Abstractions.xml",
        "lib/netstandard1.4/System.IO.Abstractions.dll",
        "lib/netstandard1.4/System.IO.Abstractions.xml",
        "lib/netstandard2.0/System.IO.Abstractions.dll",
        "lib/netstandard2.0/System.IO.Abstractions.xml",
        "system.io.abstractions.3.0.10.nupkg.sha512",
        "system.io.abstractions.nuspec"
      ]
    },
    "System.Threading.Tasks.Dataflow/5.0.0": {
      "sha512": "NBp0zSAMZp4muDje6XmbDfmkqw9+qsDCHp+YMEtnVgHEjQZ3Q7MzFTTp3eHqpExn4BwMrS7JkUVOTcVchig4Sw==",
      "type": "package",
      "path": "system.threading.tasks.dataflow/5.0.0",
      "files": [
        ".nupkg.metadata",
        ".signature.p7s",
        "Icon.png",
        "LICENSE.TXT",
        "THIRD-PARTY-NOTICES.TXT",
        "lib/net461/System.Threading.Tasks.Dataflow.dll",
        "lib/net461/System.Threading.Tasks.Dataflow.xml",
        "lib/netstandard1.0/System.Threading.Tasks.Dataflow.dll",
        "lib/netstandard1.0/System.Threading.Tasks.Dataflow.xml",
        "lib/netstandard1.1/System.Threading.Tasks.Dataflow.dll",
        "lib/netstandard1.1/System.Threading.Tasks.Dataflow.xml",
        "lib/netstandard2.0/System.Threading.Tasks.Dataflow.dll",
        "lib/netstandard2.0/System.Threading.Tasks.Dataflow.xml",
        "lib/portable-net45+win8+wpa81/System.Threading.Tasks.Dataflow.dll",
        "lib/portable-net45+win8+wpa81/System.Threading.Tasks.Dataflow.xml",
        "system.threading.tasks.dataflow.5.0.0.nupkg.sha512",
        "system.threading.tasks.dataflow.nuspec",
        "useSharedDesignerContext.txt",
        "version.txt"
      ]
    },
    "System.ValueTuple/4.5.0": {
      "sha512": "okurQJO6NRE/apDIP23ajJ0hpiNmJ+f0BwOlB/cSqTLQlw5upkf+5+96+iG2Jw40G1fCVCyPz/FhIABUjMR+RQ==",
      "type": "package",
      "path": "system.valuetuple/4.5.0",
      "files": [
        ".nupkg.metadata",
        ".signature.p7s",
        "LICENSE.TXT",
        "THIRD-PARTY-NOTICES.TXT",
        "lib/MonoAndroid10/_._",
        "lib/MonoTouch10/_._",
        "lib/net461/System.ValueTuple.dll",
        "lib/net461/System.ValueTuple.xml",
        "lib/net47/System.ValueTuple.dll",
        "lib/net47/System.ValueTuple.xml",
        "lib/netcoreapp2.0/_._",
        "lib/netstandard1.0/System.ValueTuple.dll",
        "lib/netstandard1.0/System.ValueTuple.xml",
        "lib/netstandard2.0/_._",
        "lib/portable-net40+sl4+win8+wp8/System.ValueTuple.dll",
        "lib/portable-net40+sl4+win8+wp8/System.ValueTuple.xml",
        "lib/uap10.0.16299/_._",
        "lib/xamarinios10/_._",
        "lib/xamarinmac20/_._",
        "lib/xamarintvos10/_._",
        "lib/xamarinwatchos10/_._",
        "ref/MonoAndroid10/_._",
        "ref/MonoTouch10/_._",
        "ref/net461/System.ValueTuple.dll",
        "ref/net47/System.ValueTuple.dll",
        "ref/netcoreapp2.0/_._",
        "ref/netstandard2.0/_._",
        "ref/portable-net40+sl4+win8+wp8/System.ValueTuple.dll",
        "ref/uap10.0.16299/_._",
        "ref/xamarinios10/_._",
        "ref/xamarinmac20/_._",
        "ref/xamarintvos10/_._",
        "ref/xamarinwatchos10/_._",
        "system.valuetuple.4.5.0.nupkg.sha512",
        "system.valuetuple.nuspec",
        "useSharedDesignerContext.txt",
        "version.txt"
      ]
    },
    "UiPath/21.10.34.30369": {
      "sha512": "LB7fKEMmZ7Tp5QWcL/Qeh6VkaF2ZAEtv5ZVdrSNKu5/vV/UZ7K/0vIPqkVct5an4+k0Yd9ZHY6nYZfMKwpo9zg==",
      "type": "package",
      "path": "uipath/21.10.34.30369",
      "files": [
        ".nupkg.metadata",
        ".signature.p7s",
        "build/UiPath.targets",
        "build/UiPath/BrowserNativeMessagingImpl.dll",
        "build/UiPath/EvtServer.exe",
        "build/UiPath/EvtServer_x64.exe",
        "build/UiPath/FuncServer_x64.exe",
        "build/UiPath/FuncServer_x86.exe",
        "build/UiPath/JavaSupport/UiPathBridge.jar",
        "build/UiPath/JavaSupport/UiPathJBIntruder.jar",
        "build/UiPath/JavaSupport/UiPathJBIntruderV8.jar",
        "build/UiPath/JavaSupport/UiPathJavaServiceProvider.jar",
        "build/UiPath/JavaSupport/UiPathV8.jar",
        "build/UiPath/JavaSupport/attach_x64/6/attach.dll",
        "build/UiPath/JavaSupport/attach_x64/7/attach.dll",
        "build/UiPath/JavaSupport/attach_x86/6/attach.dll",
        "build/UiPath/JavaSupport/attach_x86/7/attach.dll",
        "build/UiPath/JavaSupport/jaccess-1_2.jar",
        "build/UiPath/JavaSupport/jaccess-1_3.jar",
        "build/UiPath/JavaSupport/jaccess-1_4.jar",
        "build/UiPath/JavaSupport/jaccess.jar",
        "build/UiPath/JavaSupport/tools.jar",
        "build/UiPath/JavaSupport/toolsV8.jar",
        "build/UiPath/JavaSupport/xml-apis.jar",
        "build/UiPath/ManagedDotNetHook.dll",
        "build/UiPath/NativeDotNetHook.dll",
        "build/UiPath/NativeDotNetHook_x64.dll",
        "build/UiPath/Newtonsoft.Json.dll",
        "build/UiPath/Resources/x32.manifest",
        "build/UiPath/Resources/x64.manifest",
        "build/UiPath/SLBroker.dll",
        "build/UiPath/SLBroker.xap",
        "build/UiPath/SLHook.dll",
        "build/UiPath/TCapture.dll",
        "build/UiPath/TCapture_x64.dll",
        "build/UiPath/UiPath.dll",
        "build/UiPath/UiPathJavaBridgeImplV8.dll",
        "build/UiPath/UiPathJavaBridgeImplV8_x64.dll",
        "build/UiPath/UiPathJavaBridgeV8.dll",
        "build/UiPath/UiPathJavaBridgeV8_x64.dll",
        "build/UiPath/UiPathRemote.exe",
        "build/UiPath/UiPathSLB.dll",
        "build/UiPath/UiPathSLB_x64.dll",
        "build/UiPath/UiPath_x64.dll",
        "build/UiPath/WebAppDotNetHook.dll",
        "build/UiPath/aahook.dll",
        "build/UiPath/aahook_x64.dll",
        "build/UiPath/libcurl_x64.dll",
        "build/UiPath/libcurl_x86.dll",
        "build/UiPath/slinject.exe",
        "lib/net45/UiPath.Interop.dll",
        "lib/net5.0-windows7.0/UiPath.Interop.dll",
        "uipath.21.10.34.30369.nupkg.sha512",
        "uipath.nuspec"
      ]
    },
    "UiPath.Activities.RuntimeGovernance/1.1.3": {
      "sha512": "grF+nXXiCuzaSIBT3z/W6o7QMW7B/qHxUAFYeFpOohcwuh1GLLbuZ0jbyVHIwsj5FaQIv5nMd5JUbWjPlHLCQQ==",
      "type": "package",
      "path": "uipath.activities.runtimegovernance/1.1.3",
      "files": [
        ".nupkg.metadata",
        ".signature.p7s",
        "lib/net461/UiPath.Activities.RuntimeGovernance.dll",
        "lib/net5.0-windows7.0/UiPath.Activities.RuntimeGovernance.dll",
        "lib/net5.0/UiPath.Activities.RuntimeGovernance.dll",
        "uipath.activities.runtimegovernance.1.1.3.nupkg.sha512",
        "uipath.activities.runtimegovernance.nuspec"
      ]
    },
    "UiPath.ImageProcessing/21.10.2": {
      "sha512": "c+SiNdDpv/ecBpi5BsEAXWc5Upwu1d5voSZPPhZf87JEBOZkdIo33hguZhq7Ha6lcDKb8jgLVwg4zLyYz+5E3g==",
      "type": "package",
      "path": "uipath.imageprocessing/21.10.2",
      "files": [
        ".nupkg.metadata",
        ".signature.p7s",
        "build/x64/UiPath.ImageProcessing.dll",
        "build/x64/concrt140.dll",
        "build/x64/msvcp140.dll",
        "build/x64/opencv_world341.dll",
        "build/x64/vcruntime140.dll",
        "build/x64/vcruntime140_1.dll",
        "build/x86/UiPath.ImageProcessing.dll",
        "build/x86/concrt140.dll",
        "build/x86/msvcp140.dll",
        "build/x86/opencv_world341.dll",
        "build/x86/vcruntime140.dll",
        "lib/net461/UiPath.ImageProcessingInterop.dll",
        "lib/net5.0-windows7.0/UiPath.ImageProcessingInterop.dll",
        "lib/net5.0/UiPath.ImageProcessingInterop.dll",
        "uipath.imageprocessing.21.10.2.nupkg.sha512",
        "uipath.imageprocessing.nuspec"
      ]
    },
    "UiPath.OCR.Activities/3.3.2": {
      "sha512": "v+nO8WPYTf6itgjg/KGkUdseUZPsTlpgWUWYW+RjGQaLacMcEFVYwE3QzTMFCpT76v9YYld/Mmn9X2+gh6d+Eg==",
      "type": "package",
      "path": "uipath.ocr.activities/3.3.2",
      "files": [
        ".nupkg.metadata",
        ".signature.p7s",
        "build/net461/Magick.NET-Q8-AnyCPU.dll",
        "build/net461/Magick.NET.Core.dll",
        "build/net461/Microsoft.Bcl.AsyncInterfaces.dll",
        "build/net461/Microsoft.Extensions.DependencyInjection.Abstractions.dll",
        "build/net461/Microsoft.Extensions.DependencyInjection.dll",
        "build/net461/Microsoft.Extensions.Logging.Abstractions.dll",
        "build/net461/Microsoft.Extensions.Logging.TraceSource.dll",
        "build/net461/Microsoft.Extensions.Logging.dll",
        "build/net461/Microsoft.Extensions.Options.dll",
        "build/net461/Microsoft.Extensions.Primitives.dll",
        "build/net461/Microsoft.Win32.Primitives.dll",
        "build/net461/NLog.dll",
        "build/net461/Newtonsoft.Json.dll",
        "build/net461/Nito.AsyncEx.Context.dll",
        "build/net461/Nito.AsyncEx.Coordination.dll",
        "build/net461/Nito.AsyncEx.Interop.WaitHandles.dll",
        "build/net461/Nito.AsyncEx.Oop.dll",
        "build/net461/Nito.AsyncEx.Tasks.dll",
        "build/net461/Nito.Cancellation.dll",
        "build/net461/Nito.Collections.Deque.dll",
        "build/net461/Nito.Disposables.dll",
        "build/net461/System.AppContext.dll",
        "build/net461/System.Buffers.dll",
        "build/net461/System.Collections.Concurrent.dll",
        "build/net461/System.Collections.Immutable.dll",
        "build/net461/System.Collections.NonGeneric.dll",
        "build/net461/System.Collections.Specialized.dll",
        "build/net461/System.Collections.dll",
        "build/net461/System.ComponentModel.EventBasedAsync.dll",
        "build/net461/System.ComponentModel.Primitives.dll",
        "build/net461/System.ComponentModel.TypeConverter.dll",
        "build/net461/System.ComponentModel.dll",
        "build/net461/System.Console.dll",
        "build/net461/System.Data.Common.dll",
        "build/net461/System.Diagnostics.Contracts.dll",
        "build/net461/System.Diagnostics.Debug.dll",
        "build/net461/System.Diagnostics.DiagnosticSource.dll",
        "build/net461/System.Diagnostics.FileVersionInfo.dll",
        "build/net461/System.Diagnostics.Process.dll",
        "build/net461/System.Diagnostics.StackTrace.dll",
        "build/net461/System.Diagnostics.TextWriterTraceListener.dll",
        "build/net461/System.Diagnostics.Tools.dll",
        "build/net461/System.Diagnostics.TraceSource.dll",
        "build/net461/System.Diagnostics.Tracing.dll",
        "build/net461/System.Drawing.Primitives.dll",
        "build/net461/System.Dynamic.Runtime.dll",
        "build/net461/System.Globalization.Calendars.dll",
        "build/net461/System.Globalization.Extensions.dll",
        "build/net461/System.Globalization.dll",
        "build/net461/System.IO.Abstractions.dll",
        "build/net461/System.IO.Compression.ZipFile.dll",
        "build/net461/System.IO.Compression.dll",
        "build/net461/System.IO.FileSystem.DriveInfo.dll",
        "build/net461/System.IO.FileSystem.Primitives.dll",
        "build/net461/System.IO.FileSystem.Watcher.dll",
        "build/net461/System.IO.FileSystem.dll",
        "build/net461/System.IO.IsolatedStorage.dll",
        "build/net461/System.IO.MemoryMappedFiles.dll",
        "build/net461/System.IO.Pipes.AccessControl.dll",
        "build/net461/System.IO.Pipes.dll",
        "build/net461/System.IO.UnmanagedMemoryStream.dll",
        "build/net461/System.IO.dll",
        "build/net461/System.Linq.Expressions.dll",
        "build/net461/System.Linq.Parallel.dll",
        "build/net461/System.Linq.Queryable.dll",
        "build/net461/System.Linq.dll",
        "build/net461/System.Memory.dll",
        "build/net461/System.Net.Http.dll",
        "build/net461/System.Net.NameResolution.dll",
        "build/net461/System.Net.NetworkInformation.dll",
        "build/net461/System.Net.Ping.dll",
        "build/net461/System.Net.Primitives.dll",
        "build/net461/System.Net.Requests.dll",
        "build/net461/System.Net.Security.dll",
        "build/net461/System.Net.Sockets.dll",
        "build/net461/System.Net.WebHeaderCollection.dll",
        "build/net461/System.Net.WebSockets.Client.dll",
        "build/net461/System.Net.WebSockets.dll",
        "build/net461/System.Numerics.Vectors.dll",
        "build/net461/System.ObjectModel.dll",
        "build/net461/System.Reflection.DispatchProxy.dll",
        "build/net461/System.Reflection.Extensions.dll",
        "build/net461/System.Reflection.Primitives.dll",
        "build/net461/System.Reflection.dll",
        "build/net461/System.Resources.Reader.dll",
        "build/net461/System.Resources.ResourceManager.dll",
        "build/net461/System.Resources.Writer.dll",
        "build/net461/System.Runtime.CompilerServices.Unsafe.dll",
        "build/net461/System.Runtime.CompilerServices.VisualC.dll",
        "build/net461/System.Runtime.Extensions.dll",
        "build/net461/System.Runtime.Handles.dll",
        "build/net461/System.Runtime.InteropServices.RuntimeInformation.dll",
        "build/net461/System.Runtime.InteropServices.dll",
        "build/net461/System.Runtime.Numerics.dll",
        "build/net461/System.Runtime.Serialization.Formatters.dll",
        "build/net461/System.Runtime.Serialization.Json.dll",
        "build/net461/System.Runtime.Serialization.Primitives.dll",
        "build/net461/System.Runtime.Serialization.Xml.dll",
        "build/net461/System.Runtime.dll",
        "build/net461/System.Security.AccessControl.dll",
        "build/net461/System.Security.Claims.dll",
        "build/net461/System.Security.Cryptography.Algorithms.dll",
        "build/net461/System.Security.Cryptography.Csp.dll",
        "build/net461/System.Security.Cryptography.Encoding.dll",
        "build/net461/System.Security.Cryptography.Primitives.dll",
        "build/net461/System.Security.Cryptography.X509Certificates.dll",
        "build/net461/System.Security.Principal.Windows.dll",
        "build/net461/System.Security.Principal.dll",
        "build/net461/System.Security.SecureString.dll",
        "build/net461/System.Text.Encoding.Extensions.dll",
        "build/net461/System.Text.Encoding.dll",
        "build/net461/System.Text.RegularExpressions.dll",
        "build/net461/System.Threading.Overlapped.dll",
        "build/net461/System.Threading.Tasks.Extensions.dll",
        "build/net461/System.Threading.Tasks.Parallel.dll",
        "build/net461/System.Threading.Tasks.dll",
        "build/net461/System.Threading.Thread.dll",
        "build/net461/System.Threading.ThreadPool.dll",
        "build/net461/System.Threading.Timer.dll",
        "build/net461/System.Threading.dll",
        "build/net461/System.ValueTuple.dll",
        "build/net461/System.Xml.ReaderWriter.dll",
        "build/net461/System.Xml.XDocument.dll",
        "build/net461/System.Xml.XPath.XDocument.dll",
        "build/net461/System.Xml.XPath.dll",
        "build/net461/System.Xml.XmlDocument.dll",
        "build/net461/System.Xml.XmlSerializer.dll",
        "build/net461/UiPath.Activities.Api.Base.dll",
        "build/net461/UiPath.Activities.Contracts.dll",
        "build/net461/UiPath.Api.Base.dll",
        "build/net461/UiPath.CoreIpc.dll",
        "build/net461/UiPath.OCR.Activities.Design.dll",
        "build/net461/UiPath.OCR.Activities.Design.dll.config",
        "build/net461/UiPath.OCR.Activities.Package.dll",
        "build/net461/UiPath.OCR.Activities.Package.dll.config",
        "build/net461/UiPath.OCR.Activities.dll",
        "build/net461/UiPath.OCR.Activities.dll.config",
        "build/net461/UiPath.OCR.Contracts.dll",
        "build/net461/UiPath.OCR.Core.dll",
        "build/net461/UiPath.OCR.Core.dll.config",
        "build/net461/UiPath.OCR.Host.Common.dll",
        "build/net461/UiPath.OCR.Host.Common.dll.config",
        "build/net461/UiPath.OCR.Host.exe",
        "build/net461/UiPath.OCR.Host.exe.config",
        "build/net461/UiPath.OCR.Host64.exe",
        "build/net461/UiPath.OCR.Host64.exe.config",
        "build/net461/UiPath.Platform.dll",
        "build/net461/UiPath.Robot.Activities.Api.dll",
        "build/net461/UiPath.Studio.Activities.Api.dll",
        "build/net461/UiPath.Studio.Api.Base.dll",
        "build/net461/netstandard.dll",
        "build/net461/nlog.config",
        "lib/net461/UiPath.OCR.Activities.Design.dll",
        "lib/net461/UiPath.OCR.Activities.dll",
        "lib/net461/UiPath.OCR.Core.dll",
        "lib/net461/de/UiPath.OCR.Activities.Design.resources.dll",
        "lib/net461/de/UiPath.OCR.Activities.resources.dll",
        "lib/net461/es-MX/UiPath.OCR.Activities.Design.resources.dll",
        "lib/net461/es-MX/UiPath.OCR.Activities.resources.dll",
        "lib/net461/es/UiPath.OCR.Activities.Design.resources.dll",
        "lib/net461/es/UiPath.OCR.Activities.resources.dll",
        "lib/net461/fr/UiPath.OCR.Activities.Design.resources.dll",
        "lib/net461/fr/UiPath.OCR.Activities.resources.dll",
        "lib/net461/ja/UiPath.OCR.Activities.Design.resources.dll",
        "lib/net461/ja/UiPath.OCR.Activities.resources.dll",
        "lib/net461/ko/UiPath.OCR.Activities.Design.resources.dll",
        "lib/net461/ko/UiPath.OCR.Activities.resources.dll",
        "lib/net461/pt-BR/UiPath.OCR.Activities.Design.resources.dll",
        "lib/net461/pt-BR/UiPath.OCR.Activities.resources.dll",
        "lib/net461/pt/UiPath.OCR.Activities.Design.resources.dll",
        "lib/net461/pt/UiPath.OCR.Activities.resources.dll",
        "lib/net461/ru/UiPath.OCR.Activities.Design.resources.dll",
        "lib/net461/ru/UiPath.OCR.Activities.resources.dll",
        "lib/net461/tr/UiPath.OCR.Activities.Design.resources.dll",
        "lib/net461/tr/UiPath.OCR.Activities.resources.dll",
        "lib/net461/zh-CN/UiPath.OCR.Activities.Design.resources.dll",
        "lib/net461/zh-CN/UiPath.OCR.Activities.resources.dll",
        "lib/net5.0-windows7.0/UiPath.OCR.Activities.Design.dll",
        "lib/net5.0-windows7.0/UiPath.OCR.Activities.dll",
        "lib/net5.0-windows7.0/UiPath.OCR.Core.dll",
        "lib/net5.0-windows7.0/de/UiPath.OCR.Activities.Design.resources.dll",
        "lib/net5.0-windows7.0/de/UiPath.OCR.Activities.resources.dll",
        "lib/net5.0-windows7.0/es-MX/UiPath.OCR.Activities.Design.resources.dll",
        "lib/net5.0-windows7.0/es-MX/UiPath.OCR.Activities.resources.dll",
        "lib/net5.0-windows7.0/es/UiPath.OCR.Activities.Design.resources.dll",
        "lib/net5.0-windows7.0/es/UiPath.OCR.Activities.resources.dll",
        "lib/net5.0-windows7.0/fr/UiPath.OCR.Activities.Design.resources.dll",
        "lib/net5.0-windows7.0/fr/UiPath.OCR.Activities.resources.dll",
        "lib/net5.0-windows7.0/ja/UiPath.OCR.Activities.Design.resources.dll",
        "lib/net5.0-windows7.0/ja/UiPath.OCR.Activities.resources.dll",
        "lib/net5.0-windows7.0/ko/UiPath.OCR.Activities.Design.resources.dll",
        "lib/net5.0-windows7.0/ko/UiPath.OCR.Activities.resources.dll",
        "lib/net5.0-windows7.0/pt-BR/UiPath.OCR.Activities.Design.resources.dll",
        "lib/net5.0-windows7.0/pt-BR/UiPath.OCR.Activities.resources.dll",
        "lib/net5.0-windows7.0/pt/UiPath.OCR.Activities.Design.resources.dll",
        "lib/net5.0-windows7.0/pt/UiPath.OCR.Activities.resources.dll",
        "lib/net5.0-windows7.0/ru/UiPath.OCR.Activities.Design.resources.dll",
        "lib/net5.0-windows7.0/ru/UiPath.OCR.Activities.resources.dll",
        "lib/net5.0-windows7.0/tr/UiPath.OCR.Activities.Design.resources.dll",
        "lib/net5.0-windows7.0/tr/UiPath.OCR.Activities.resources.dll",
        "lib/net5.0-windows7.0/zh-CN/UiPath.OCR.Activities.Design.resources.dll",
        "lib/net5.0-windows7.0/zh-CN/UiPath.OCR.Activities.resources.dll",
        "uipath.ocr.activities.3.3.2.nupkg.sha512",
        "uipath.ocr.activities.nuspec"
      ]
    },
    "UiPath.OCR.Contracts/2.9.1": {
      "sha512": "xd+iDLtRzPVLC+6cYLAuiI+xCoPop5pd4xvEclruvrG2lyB2HhaIHTANT3ZRHl451ePEtxz3mXKbynCXKZfHeA==",
      "type": "package",
      "path": "uipath.ocr.contracts/2.9.1",
      "files": [
        ".nupkg.metadata",
        ".signature.p7s",
        "lib/net461/UiPath.OCR.Contracts.dll",
        "lib/net461/UiPath.OCR.Contracts.xml",
        "lib/net5.0-windows7.0/UiPath.OCR.Contracts.dll",
        "lib/net5.0-windows7.0/UiPath.OCR.Contracts.xml",
        "uipath.ocr.contracts.2.9.1.nupkg.sha512",
        "uipath.ocr.contracts.nuspec"
      ]
    },
    "UiPath.Platform/21.10.0": {
      "sha512": "JbO7cYshe3WCX8zZBi7nttObN0nZ8wvKAsRFiDskgvbhARLZbviTnlsniyu2uXeRi8941DCXKYCLKls0fOLaTQ==",
      "type": "package",
      "path": "uipath.platform/21.10.0",
      "files": [
        ".nupkg.metadata",
        ".signature.p7s",
        "lib/net461/UiPath.Platform.dll",
        "lib/net5.0-windows7.0/UiPath.Platform.dll",
        "lib/net5.0/UiPath.Platform.dll",
        "uipath.platform.21.10.0.nupkg.sha512",
        "uipath.platform.nuspec"
      ]
    },
    "UiPath.Telemetry.Client/1.5.3": {
      "sha512": "voH5VhBF+xnecfzkaaxQPKyoSfUFqvYhYp2XpLbxE6boX2fXvwpQHM1li94d+WLu20ayT+5Vb/frLpjd6nMQsA==",
      "type": "package",
      "path": "uipath.telemetry.client/1.5.3",
      "files": [
        ".nupkg.metadata",
        ".signature.p7s",
        "UI_icon.png",
        "lib/net461/TelemetryClient.dll",
        "lib/netstandard2.0/TelemetryClient.dll",
        "uipath.telemetry.client.1.5.3.nupkg.sha512",
        "uipath.telemetry.client.nuspec"
      ]
    },
    "UiPath.UIAutomation.Activities/21.10.5": {
      "sha512": "k6iF0eDbXmjSRnl+hFFR5jHWCA6NvT4avjvBv7/5iBWzW4B3KBvs5ATx71N44da3kqi2GuK4lgxrsHImJViV3A==",
      "type": "package",
      "path": "uipath.uiautomation.activities/21.10.5",
      "files": [
        ".nupkg.metadata",
        ".signature.p7s",
        "build/ActiproSoftware.DataGrid.Contrib.Wpf.dll",
        "build/ActiproSoftware.Docking.Wpf.dll",
        "build/ActiproSoftware.Editors.Wpf.dll",
        "build/ActiproSoftware.Ribbon.Wpf.dll",
        "build/ActiproSoftware.Shared.Wpf.dll",
        "build/ActiproSoftware.SyntaxEditor.Addons.DotNet.Wpf.dll",
        "build/ActiproSoftware.SyntaxEditor.Addons.Xml.Wpf.dll",
        "build/ActiproSoftware.SyntaxEditor.Wpf.dll",
        "build/ActiproSoftware.Text.Addons.DotNet.Wpf.dll",
        "build/ActiproSoftware.Text.Addons.Xml.Wpf.dll",
        "build/ActiproSoftware.Text.LLParser.Wpf.dll",
        "build/ActiproSoftware.Text.Wpf.dll",
        "build/ActiproSoftware.Wizard.Wpf.dll",
        "build/System.ValueTuple.dll",
        "build/UiExplorer.exe",
        "build/UiExplorer.exe.config",
        "build/UiExplorer_x64.exe",
        "build/UiExplorer_x64.exe.config",
        "build/UiPath.Activities.Contracts.dll",
        "build/UiPath.UIAutomationCore.dll",
        "build/UiPath.UIAutomationNext.dll",
        "build/UiPath.UiAutomation.Activities.dll",
        "build/de/UiExplorer.resources.dll",
        "build/de/UiPath.UIAutomationNext.resources.dll",
        "build/de/UiPath.UiAutomation.Activities.resources.dll",
        "build/es-MX/UiExplorer.resources.dll",
        "build/es-MX/UiPath.UIAutomationNext.resources.dll",
        "build/es-MX/UiPath.UiAutomation.Activities.resources.dll",
        "build/es/UiExplorer.resources.dll",
        "build/es/UiPath.UIAutomationNext.resources.dll",
        "build/es/UiPath.UiAutomation.Activities.resources.dll",
        "build/fr/UiExplorer.resources.dll",
        "build/fr/UiPath.UIAutomationNext.resources.dll",
        "build/fr/UiPath.UiAutomation.Activities.resources.dll",
        "build/ja/UiExplorer.resources.dll",
        "build/ja/UiPath.UIAutomationNext.resources.dll",
        "build/ja/UiPath.UiAutomation.Activities.resources.dll",
        "build/ko/UiExplorer.resources.dll",
        "build/ko/UiPath.UIAutomationNext.resources.dll",
        "build/ko/UiPath.UiAutomation.Activities.resources.dll",
        "build/pt-BR/UiExplorer.resources.dll",
        "build/pt-BR/UiPath.UIAutomationNext.resources.dll",
        "build/pt-BR/UiPath.UiAutomation.Activities.resources.dll",
        "build/pt/UiExplorer.resources.dll",
        "build/pt/UiPath.UIAutomationNext.resources.dll",
        "build/pt/UiPath.UiAutomation.Activities.resources.dll",
        "build/ru/UiExplorer.resources.dll",
        "build/ru/UiPath.UIAutomationNext.resources.dll",
        "build/ru/UiPath.UiAutomation.Activities.resources.dll",
        "build/tr/UiExplorer.resources.dll",
        "build/tr/UiPath.UIAutomationNext.resources.dll",
        "build/tr/UiPath.UiAutomation.Activities.resources.dll",
        "build/zh-CN/UiExplorer.resources.dll",
        "build/zh-CN/UiPath.UIAutomationNext.resources.dll",
        "build/zh-CN/UiPath.UiAutomation.Activities.resources.dll",
        "lib/net461/UiPath.CV.Activities.Design.dll",
        "lib/net461/UiPath.CV.Activities.dll",
        "lib/net461/UiPath.CV.dll",
        "lib/net461/UiPath.UIAutomation.Activities.Design.dll",
        "lib/net461/UiPath.UIAutomationCore.dll",
        "lib/net461/UiPath.UIAutomationNext.Activities.Design.dll",
        "lib/net461/UiPath.UIAutomationNext.Activities.dll",
        "lib/net461/UiPath.UIAutomationNext.dll",
        "lib/net461/UiPath.UiAutomation.Activities.dll",
        "lib/net461/UiPath.Wizards.dll",
        "lib/net461/de/UiPath.CV.Activities.Design.resources.dll",
        "lib/net461/de/UiPath.CV.Activities.resources.dll",
        "lib/net461/de/UiPath.CV.resources.dll",
        "lib/net461/de/UiPath.UIAutomation.Activities.Design.resources.dll",
        "lib/net461/de/UiPath.UIAutomationNext.Activities.Design.resources.dll",
        "lib/net461/de/UiPath.UIAutomationNext.resources.dll",
        "lib/net461/de/UiPath.UiAutomation.Activities.resources.dll",
        "lib/net461/de/UiPath.Wizards.resources.dll",
        "lib/net461/es-MX/UiPath.CV.Activities.Design.resources.dll",
        "lib/net461/es-MX/UiPath.CV.Activities.resources.dll",
        "lib/net461/es-MX/UiPath.CV.resources.dll",
        "lib/net461/es-MX/UiPath.UIAutomation.Activities.Design.resources.dll",
        "lib/net461/es-MX/UiPath.UIAutomationNext.Activities.Design.resources.dll",
        "lib/net461/es-MX/UiPath.UIAutomationNext.resources.dll",
        "lib/net461/es-MX/UiPath.UiAutomation.Activities.resources.dll",
        "lib/net461/es-MX/UiPath.Wizards.resources.dll",
        "lib/net461/es/UiPath.CV.Activities.Design.resources.dll",
        "lib/net461/es/UiPath.CV.Activities.resources.dll",
        "lib/net461/es/UiPath.CV.resources.dll",
        "lib/net461/es/UiPath.UIAutomation.Activities.Design.resources.dll",
        "lib/net461/es/UiPath.UIAutomationNext.Activities.Design.resources.dll",
        "lib/net461/es/UiPath.UIAutomationNext.resources.dll",
        "lib/net461/es/UiPath.UiAutomation.Activities.resources.dll",
        "lib/net461/es/UiPath.Wizards.resources.dll",
        "lib/net461/fr/UiPath.CV.Activities.Design.resources.dll",
        "lib/net461/fr/UiPath.CV.Activities.resources.dll",
        "lib/net461/fr/UiPath.CV.resources.dll",
        "lib/net461/fr/UiPath.UIAutomation.Activities.Design.resources.dll",
        "lib/net461/fr/UiPath.UIAutomationNext.Activities.Design.resources.dll",
        "lib/net461/fr/UiPath.UIAutomationNext.resources.dll",
        "lib/net461/fr/UiPath.UiAutomation.Activities.resources.dll",
        "lib/net461/fr/UiPath.Wizards.resources.dll",
        "lib/net461/ja/UiPath.CV.Activities.Design.resources.dll",
        "lib/net461/ja/UiPath.CV.Activities.resources.dll",
        "lib/net461/ja/UiPath.CV.resources.dll",
        "lib/net461/ja/UiPath.UIAutomation.Activities.Design.resources.dll",
        "lib/net461/ja/UiPath.UIAutomationNext.Activities.Design.resources.dll",
        "lib/net461/ja/UiPath.UIAutomationNext.resources.dll",
        "lib/net461/ja/UiPath.UiAutomation.Activities.resources.dll",
        "lib/net461/ja/UiPath.Wizards.resources.dll",
        "lib/net461/ko/UiPath.CV.Activities.Design.resources.dll",
        "lib/net461/ko/UiPath.CV.Activities.resources.dll",
        "lib/net461/ko/UiPath.CV.resources.dll",
        "lib/net461/ko/UiPath.UIAutomation.Activities.Design.resources.dll",
        "lib/net461/ko/UiPath.UIAutomationNext.Activities.Design.resources.dll",
        "lib/net461/ko/UiPath.UIAutomationNext.resources.dll",
        "lib/net461/ko/UiPath.UiAutomation.Activities.resources.dll",
        "lib/net461/ko/UiPath.Wizards.resources.dll",
        "lib/net461/pt-BR/UiPath.CV.Activities.Design.resources.dll",
        "lib/net461/pt-BR/UiPath.CV.Activities.resources.dll",
        "lib/net461/pt-BR/UiPath.CV.resources.dll",
        "lib/net461/pt-BR/UiPath.UIAutomation.Activities.Design.resources.dll",
        "lib/net461/pt-BR/UiPath.UIAutomationNext.Activities.Design.resources.dll",
        "lib/net461/pt-BR/UiPath.UIAutomationNext.resources.dll",
        "lib/net461/pt-BR/UiPath.UiAutomation.Activities.resources.dll",
        "lib/net461/pt-BR/UiPath.Wizards.resources.dll",
        "lib/net461/pt/UiPath.CV.Activities.Design.resources.dll",
        "lib/net461/pt/UiPath.CV.Activities.resources.dll",
        "lib/net461/pt/UiPath.CV.resources.dll",
        "lib/net461/pt/UiPath.UIAutomation.Activities.Design.resources.dll",
        "lib/net461/pt/UiPath.UIAutomationNext.Activities.Design.resources.dll",
        "lib/net461/pt/UiPath.UIAutomationNext.resources.dll",
        "lib/net461/pt/UiPath.UiAutomation.Activities.resources.dll",
        "lib/net461/pt/UiPath.Wizards.resources.dll",
        "lib/net461/ru/UiPath.CV.Activities.Design.resources.dll",
        "lib/net461/ru/UiPath.CV.Activities.resources.dll",
        "lib/net461/ru/UiPath.CV.resources.dll",
        "lib/net461/ru/UiPath.UIAutomation.Activities.Design.resources.dll",
        "lib/net461/ru/UiPath.UIAutomationNext.Activities.Design.resources.dll",
        "lib/net461/ru/UiPath.UIAutomationNext.resources.dll",
        "lib/net461/ru/UiPath.UiAutomation.Activities.resources.dll",
        "lib/net461/ru/UiPath.Wizards.resources.dll",
        "lib/net461/tr/UiPath.CV.Activities.Design.resources.dll",
        "lib/net461/tr/UiPath.CV.Activities.resources.dll",
        "lib/net461/tr/UiPath.CV.resources.dll",
        "lib/net461/tr/UiPath.UIAutomation.Activities.Design.resources.dll",
        "lib/net461/tr/UiPath.UIAutomationNext.Activities.Design.resources.dll",
        "lib/net461/tr/UiPath.UIAutomationNext.resources.dll",
        "lib/net461/tr/UiPath.UiAutomation.Activities.resources.dll",
        "lib/net461/tr/UiPath.Wizards.resources.dll",
        "lib/net461/zh-CN/UiPath.CV.Activities.Design.resources.dll",
        "lib/net461/zh-CN/UiPath.CV.Activities.resources.dll",
        "lib/net461/zh-CN/UiPath.CV.resources.dll",
        "lib/net461/zh-CN/UiPath.UIAutomation.Activities.Design.resources.dll",
        "lib/net461/zh-CN/UiPath.UIAutomationNext.Activities.Design.resources.dll",
        "lib/net461/zh-CN/UiPath.UIAutomationNext.resources.dll",
        "lib/net461/zh-CN/UiPath.UiAutomation.Activities.resources.dll",
        "lib/net461/zh-CN/UiPath.Wizards.resources.dll",
        "lib/net5.0-windows7.0/UiPath.CV.Activities.Design.dll",
        "lib/net5.0-windows7.0/UiPath.CV.Activities.dll",
        "lib/net5.0-windows7.0/UiPath.CV.dll",
        "lib/net5.0-windows7.0/UiPath.UIAutomation.Activities.Design.dll",
        "lib/net5.0-windows7.0/UiPath.UIAutomationCore.dll",
        "lib/net5.0-windows7.0/UiPath.UIAutomationNext.Activities.Design.dll",
        "lib/net5.0-windows7.0/UiPath.UIAutomationNext.Activities.dll",
        "lib/net5.0-windows7.0/UiPath.UIAutomationNext.dll",
        "lib/net5.0-windows7.0/UiPath.UiAutomation.Activities.dll",
        "lib/net5.0-windows7.0/UiPath.Wizards.dll",
        "lib/net5.0-windows7.0/de/UiPath.CV.Activities.Design.resources.dll",
        "lib/net5.0-windows7.0/de/UiPath.CV.Activities.resources.dll",
        "lib/net5.0-windows7.0/de/UiPath.CV.resources.dll",
        "lib/net5.0-windows7.0/de/UiPath.UIAutomation.Activities.Design.resources.dll",
        "lib/net5.0-windows7.0/de/UiPath.UIAutomationNext.Activities.Design.resources.dll",
        "lib/net5.0-windows7.0/de/UiPath.UIAutomationNext.resources.dll",
        "lib/net5.0-windows7.0/de/UiPath.UiAutomation.Activities.resources.dll",
        "lib/net5.0-windows7.0/de/UiPath.Wizards.resources.dll",
        "lib/net5.0-windows7.0/es-MX/UiPath.CV.Activities.Design.resources.dll",
        "lib/net5.0-windows7.0/es-MX/UiPath.CV.Activities.resources.dll",
        "lib/net5.0-windows7.0/es-MX/UiPath.CV.resources.dll",
        "lib/net5.0-windows7.0/es-MX/UiPath.UIAutomation.Activities.Design.resources.dll",
        "lib/net5.0-windows7.0/es-MX/UiPath.UIAutomationNext.Activities.Design.resources.dll",
        "lib/net5.0-windows7.0/es-MX/UiPath.UIAutomationNext.resources.dll",
        "lib/net5.0-windows7.0/es-MX/UiPath.UiAutomation.Activities.resources.dll",
        "lib/net5.0-windows7.0/es-MX/UiPath.Wizards.resources.dll",
        "lib/net5.0-windows7.0/es/UiPath.CV.Activities.Design.resources.dll",
        "lib/net5.0-windows7.0/es/UiPath.CV.Activities.resources.dll",
        "lib/net5.0-windows7.0/es/UiPath.CV.resources.dll",
        "lib/net5.0-windows7.0/es/UiPath.UIAutomation.Activities.Design.resources.dll",
        "lib/net5.0-windows7.0/es/UiPath.UIAutomationNext.Activities.Design.resources.dll",
        "lib/net5.0-windows7.0/es/UiPath.UIAutomationNext.resources.dll",
        "lib/net5.0-windows7.0/es/UiPath.UiAutomation.Activities.resources.dll",
        "lib/net5.0-windows7.0/es/UiPath.Wizards.resources.dll",
        "lib/net5.0-windows7.0/fr/UiPath.CV.Activities.Design.resources.dll",
        "lib/net5.0-windows7.0/fr/UiPath.CV.Activities.resources.dll",
        "lib/net5.0-windows7.0/fr/UiPath.CV.resources.dll",
        "lib/net5.0-windows7.0/fr/UiPath.UIAutomation.Activities.Design.resources.dll",
        "lib/net5.0-windows7.0/fr/UiPath.UIAutomationNext.Activities.Design.resources.dll",
        "lib/net5.0-windows7.0/fr/UiPath.UIAutomationNext.resources.dll",
        "lib/net5.0-windows7.0/fr/UiPath.UiAutomation.Activities.resources.dll",
        "lib/net5.0-windows7.0/fr/UiPath.Wizards.resources.dll",
        "lib/net5.0-windows7.0/ja/UiPath.CV.Activities.Design.resources.dll",
        "lib/net5.0-windows7.0/ja/UiPath.CV.Activities.resources.dll",
        "lib/net5.0-windows7.0/ja/UiPath.CV.resources.dll",
        "lib/net5.0-windows7.0/ja/UiPath.UIAutomation.Activities.Design.resources.dll",
        "lib/net5.0-windows7.0/ja/UiPath.UIAutomationNext.Activities.Design.resources.dll",
        "lib/net5.0-windows7.0/ja/UiPath.UIAutomationNext.resources.dll",
        "lib/net5.0-windows7.0/ja/UiPath.UiAutomation.Activities.resources.dll",
        "lib/net5.0-windows7.0/ja/UiPath.Wizards.resources.dll",
        "lib/net5.0-windows7.0/ko/UiPath.CV.Activities.Design.resources.dll",
        "lib/net5.0-windows7.0/ko/UiPath.CV.Activities.resources.dll",
        "lib/net5.0-windows7.0/ko/UiPath.CV.resources.dll",
        "lib/net5.0-windows7.0/ko/UiPath.UIAutomation.Activities.Design.resources.dll",
        "lib/net5.0-windows7.0/ko/UiPath.UIAutomationNext.Activities.Design.resources.dll",
        "lib/net5.0-windows7.0/ko/UiPath.UIAutomationNext.resources.dll",
        "lib/net5.0-windows7.0/ko/UiPath.UiAutomation.Activities.resources.dll",
        "lib/net5.0-windows7.0/ko/UiPath.Wizards.resources.dll",
        "lib/net5.0-windows7.0/pt-BR/UiPath.CV.Activities.Design.resources.dll",
        "lib/net5.0-windows7.0/pt-BR/UiPath.CV.Activities.resources.dll",
        "lib/net5.0-windows7.0/pt-BR/UiPath.CV.resources.dll",
        "lib/net5.0-windows7.0/pt-BR/UiPath.UIAutomation.Activities.Design.resources.dll",
        "lib/net5.0-windows7.0/pt-BR/UiPath.UIAutomationNext.Activities.Design.resources.dll",
        "lib/net5.0-windows7.0/pt-BR/UiPath.UIAutomationNext.resources.dll",
        "lib/net5.0-windows7.0/pt-BR/UiPath.UiAutomation.Activities.resources.dll",
        "lib/net5.0-windows7.0/pt-BR/UiPath.Wizards.resources.dll",
        "lib/net5.0-windows7.0/pt/UiPath.CV.Activities.Design.resources.dll",
        "lib/net5.0-windows7.0/pt/UiPath.CV.Activities.resources.dll",
        "lib/net5.0-windows7.0/pt/UiPath.CV.resources.dll",
        "lib/net5.0-windows7.0/pt/UiPath.UIAutomation.Activities.Design.resources.dll",
        "lib/net5.0-windows7.0/pt/UiPath.UIAutomationNext.Activities.Design.resources.dll",
        "lib/net5.0-windows7.0/pt/UiPath.UIAutomationNext.resources.dll",
        "lib/net5.0-windows7.0/pt/UiPath.UiAutomation.Activities.resources.dll",
        "lib/net5.0-windows7.0/pt/UiPath.Wizards.resources.dll",
        "lib/net5.0-windows7.0/ru/UiPath.CV.Activities.Design.resources.dll",
        "lib/net5.0-windows7.0/ru/UiPath.CV.Activities.resources.dll",
        "lib/net5.0-windows7.0/ru/UiPath.CV.resources.dll",
        "lib/net5.0-windows7.0/ru/UiPath.UIAutomation.Activities.Design.resources.dll",
        "lib/net5.0-windows7.0/ru/UiPath.UIAutomationNext.Activities.Design.resources.dll",
        "lib/net5.0-windows7.0/ru/UiPath.UIAutomationNext.resources.dll",
        "lib/net5.0-windows7.0/ru/UiPath.UiAutomation.Activities.resources.dll",
        "lib/net5.0-windows7.0/ru/UiPath.Wizards.resources.dll",
        "lib/net5.0-windows7.0/tr/UiPath.CV.Activities.Design.resources.dll",
        "lib/net5.0-windows7.0/tr/UiPath.CV.Activities.resources.dll",
        "lib/net5.0-windows7.0/tr/UiPath.CV.resources.dll",
        "lib/net5.0-windows7.0/tr/UiPath.UIAutomation.Activities.Design.resources.dll",
        "lib/net5.0-windows7.0/tr/UiPath.UIAutomationNext.Activities.Design.resources.dll",
        "lib/net5.0-windows7.0/tr/UiPath.UIAutomationNext.resources.dll",
        "lib/net5.0-windows7.0/tr/UiPath.UiAutomation.Activities.resources.dll",
        "lib/net5.0-windows7.0/tr/UiPath.Wizards.resources.dll",
        "lib/net5.0-windows7.0/zh-CN/UiPath.CV.Activities.Design.resources.dll",
        "lib/net5.0-windows7.0/zh-CN/UiPath.CV.Activities.resources.dll",
        "lib/net5.0-windows7.0/zh-CN/UiPath.CV.resources.dll",
        "lib/net5.0-windows7.0/zh-CN/UiPath.UIAutomation.Activities.Design.resources.dll",
        "lib/net5.0-windows7.0/zh-CN/UiPath.UIAutomationNext.Activities.Design.resources.dll",
        "lib/net5.0-windows7.0/zh-CN/UiPath.UIAutomationNext.resources.dll",
        "lib/net5.0-windows7.0/zh-CN/UiPath.UiAutomation.Activities.resources.dll",
        "lib/net5.0-windows7.0/zh-CN/UiPath.Wizards.resources.dll",
        "uipath.uiautomation.activities.21.10.5.nupkg.sha512",
        "uipath.uiautomation.activities.nuspec"
      ]
    },
    "UiPath.Vision/3.1.4": {
      "sha512": "1lFqjlLmnayJ4rISZqXXoLteMJ4sCV5Fls9spxOIwyXJabMb4wM3s9tZ2K3Q1f8gpcz+U1FN3tsjzMbpH41vXA==",
      "type": "package",
      "path": "uipath.vision/3.1.4",
      "files": [
        ".nupkg.metadata",
        ".signature.p7s",
        "build/net461/Google.Api.CommonProtos.dll",
        "build/net461/Google.Api.Gax.Grpc.GrpcCore.dll",
        "build/net461/Google.Api.Gax.Grpc.dll",
        "build/net461/Google.Api.Gax.dll",
        "build/net461/Google.Apis.Auth.PlatformServices.dll",
        "build/net461/Google.Apis.Auth.dll",
        "build/net461/Google.Apis.Core.dll",
        "build/net461/Google.Apis.PlatformServices.dll",
        "build/net461/Google.Apis.dll",
        "build/net461/Google.Cloud.Vision.V1.dll",
        "build/net461/Google.LongRunning.dll",
        "build/net461/Google.Protobuf.dll",
        "build/net461/Grpc.Auth.dll",
        "build/net461/Grpc.Core.Api.dll",
        "build/net461/Grpc.Core.dll",
        "build/net461/Magick.NET-Q8-AnyCPU.dll",
        "build/net461/Magick.NET.Core.dll",
        "build/net461/Microsoft.Azure.CognitiveServices.Vision.ComputerVision.dll",
        "build/net461/Microsoft.Bcl.AsyncInterfaces.dll",
        "build/net461/Microsoft.Extensions.DependencyInjection.Abstractions.dll",
        "build/net461/Microsoft.Extensions.DependencyInjection.dll",
        "build/net461/Microsoft.Extensions.Logging.Abstractions.dll",
        "build/net461/Microsoft.Extensions.Logging.TraceSource.dll",
        "build/net461/Microsoft.Extensions.Logging.dll",
        "build/net461/Microsoft.Extensions.Options.dll",
        "build/net461/Microsoft.Extensions.Primitives.dll",
        "build/net461/Microsoft.Rest.ClientRuntime.Azure.dll",
        "build/net461/Microsoft.Rest.ClientRuntime.dll",
        "build/net461/Microsoft.Win32.Primitives.dll",
        "build/net461/NLog.dll",
        "build/net461/Newtonsoft.Json.dll",
        "build/net461/Nito.AsyncEx.Context.dll",
        "build/net461/Nito.AsyncEx.Coordination.dll",
        "build/net461/Nito.AsyncEx.Interop.WaitHandles.dll",
        "build/net461/Nito.AsyncEx.Oop.dll",
        "build/net461/Nito.AsyncEx.Tasks.dll",
        "build/net461/Nito.Cancellation.dll",
        "build/net461/Nito.Collections.Deque.dll",
        "build/net461/Nito.Disposables.dll",
        "build/net461/System.AppContext.dll",
        "build/net461/System.Buffers.dll",
        "build/net461/System.Collections.Concurrent.dll",
        "build/net461/System.Collections.Immutable.dll",
        "build/net461/System.Collections.NonGeneric.dll",
        "build/net461/System.Collections.Specialized.dll",
        "build/net461/System.Collections.dll",
        "build/net461/System.ComponentModel.EventBasedAsync.dll",
        "build/net461/System.ComponentModel.Primitives.dll",
        "build/net461/System.ComponentModel.TypeConverter.dll",
        "build/net461/System.ComponentModel.dll",
        "build/net461/System.Console.dll",
        "build/net461/System.Data.Common.dll",
        "build/net461/System.Diagnostics.Contracts.dll",
        "build/net461/System.Diagnostics.Debug.dll",
        "build/net461/System.Diagnostics.DiagnosticSource.dll",
        "build/net461/System.Diagnostics.FileVersionInfo.dll",
        "build/net461/System.Diagnostics.Process.dll",
        "build/net461/System.Diagnostics.StackTrace.dll",
        "build/net461/System.Diagnostics.TextWriterTraceListener.dll",
        "build/net461/System.Diagnostics.Tools.dll",
        "build/net461/System.Diagnostics.TraceSource.dll",
        "build/net461/System.Diagnostics.Tracing.dll",
        "build/net461/System.Drawing.Primitives.dll",
        "build/net461/System.Dynamic.Runtime.dll",
        "build/net461/System.Globalization.Calendars.dll",
        "build/net461/System.Globalization.Extensions.dll",
        "build/net461/System.Globalization.dll",
        "build/net461/System.IO.Abstractions.dll",
        "build/net461/System.IO.Compression.ZipFile.dll",
        "build/net461/System.IO.Compression.dll",
        "build/net461/System.IO.FileSystem.DriveInfo.dll",
        "build/net461/System.IO.FileSystem.Primitives.dll",
        "build/net461/System.IO.FileSystem.Watcher.dll",
        "build/net461/System.IO.FileSystem.dll",
        "build/net461/System.IO.IsolatedStorage.dll",
        "build/net461/System.IO.MemoryMappedFiles.dll",
        "build/net461/System.IO.Pipes.AccessControl.dll",
        "build/net461/System.IO.Pipes.dll",
        "build/net461/System.IO.UnmanagedMemoryStream.dll",
        "build/net461/System.IO.dll",
        "build/net461/System.Linq.Expressions.dll",
        "build/net461/System.Linq.Parallel.dll",
        "build/net461/System.Linq.Queryable.dll",
        "build/net461/System.Linq.dll",
        "build/net461/System.Memory.dll",
        "build/net461/System.Net.Http.dll",
        "build/net461/System.Net.NameResolution.dll",
        "build/net461/System.Net.NetworkInformation.dll",
        "build/net461/System.Net.Ping.dll",
        "build/net461/System.Net.Primitives.dll",
        "build/net461/System.Net.Requests.dll",
        "build/net461/System.Net.Security.dll",
        "build/net461/System.Net.Sockets.dll",
        "build/net461/System.Net.WebHeaderCollection.dll",
        "build/net461/System.Net.WebSockets.Client.dll",
        "build/net461/System.Net.WebSockets.dll",
        "build/net461/System.Numerics.Vectors.dll",
        "build/net461/System.ObjectModel.dll",
        "build/net461/System.Reflection.DispatchProxy.dll",
        "build/net461/System.Reflection.Extensions.dll",
        "build/net461/System.Reflection.Primitives.dll",
        "build/net461/System.Reflection.dll",
        "build/net461/System.Resources.Reader.dll",
        "build/net461/System.Resources.ResourceManager.dll",
        "build/net461/System.Resources.Writer.dll",
        "build/net461/System.Runtime.CompilerServices.Unsafe.dll",
        "build/net461/System.Runtime.CompilerServices.VisualC.dll",
        "build/net461/System.Runtime.Extensions.dll",
        "build/net461/System.Runtime.Handles.dll",
        "build/net461/System.Runtime.InteropServices.RuntimeInformation.dll",
        "build/net461/System.Runtime.InteropServices.dll",
        "build/net461/System.Runtime.Numerics.dll",
        "build/net461/System.Runtime.Serialization.Formatters.dll",
        "build/net461/System.Runtime.Serialization.Json.dll",
        "build/net461/System.Runtime.Serialization.Primitives.dll",
        "build/net461/System.Runtime.Serialization.Xml.dll",
        "build/net461/System.Runtime.dll",
        "build/net461/System.Security.AccessControl.dll",
        "build/net461/System.Security.Claims.dll",
        "build/net461/System.Security.Cryptography.Algorithms.dll",
        "build/net461/System.Security.Cryptography.Csp.dll",
        "build/net461/System.Security.Cryptography.Encoding.dll",
        "build/net461/System.Security.Cryptography.Primitives.dll",
        "build/net461/System.Security.Cryptography.X509Certificates.dll",
        "build/net461/System.Security.Principal.Windows.dll",
        "build/net461/System.Security.Principal.dll",
        "build/net461/System.Security.SecureString.dll",
        "build/net461/System.Text.Encoding.Extensions.dll",
        "build/net461/System.Text.Encoding.dll",
        "build/net461/System.Text.RegularExpressions.dll",
        "build/net461/System.Threading.Overlapped.dll",
        "build/net461/System.Threading.Tasks.Extensions.dll",
        "build/net461/System.Threading.Tasks.Parallel.dll",
        "build/net461/System.Threading.Tasks.dll",
        "build/net461/System.Threading.Thread.dll",
        "build/net461/System.Threading.ThreadPool.dll",
        "build/net461/System.Threading.Timer.dll",
        "build/net461/System.Threading.dll",
        "build/net461/System.ValueTuple.dll",
        "build/net461/System.Xml.ReaderWriter.dll",
        "build/net461/System.Xml.XDocument.dll",
        "build/net461/System.Xml.XPath.XDocument.dll",
        "build/net461/System.Xml.XPath.dll",
        "build/net461/System.Xml.XmlDocument.dll",
        "build/net461/System.Xml.XmlSerializer.dll",
        "build/net461/Tesseract.dll",
        "build/net461/UiPath.Activities.Api.Base.dll",
        "build/net461/UiPath.Activities.Contracts.dll",
        "build/net461/UiPath.Api.Base.dll",
        "build/net461/UiPath.CoreIpc.dll",
        "build/net461/UiPath.OCR.Contracts.dll",
        "build/net461/UiPath.Platform.dll",
        "build/net461/UiPath.Robot.Activities.Api.dll",
        "build/net461/UiPath.Studio.Activities.Api.dll",
        "build/net461/UiPath.Studio.Api.Base.dll",
        "build/net461/UiPath.Vision.AzureComputerVision.dll",
        "build/net461/UiPath.Vision.AzureComputerVision.dll.config",
        "build/net461/UiPath.Vision.Core.dll",
        "build/net461/UiPath.Vision.Core.dll.config",
        "build/net461/UiPath.Vision.GoogleCloud.dll",
        "build/net461/UiPath.Vision.GoogleCloud.dll.config",
        "build/net461/UiPath.Vision.Host.Common.dll",
        "build/net461/UiPath.Vision.Host.Common.dll.config",
        "build/net461/UiPath.Vision.Host.exe",
        "build/net461/UiPath.Vision.Host.exe.config",
        "build/net461/UiPath.Vision.Microsoft.dll",
        "build/net461/UiPath.Vision.Microsoft.dll.config",
        "build/net461/UiPath.Vision.Package.dll",
        "build/net461/UiPath.Vision.Package.dll.config",
        "build/net461/UiPath.Vision.Tesseract.dll",
        "build/net461/UiPath.Vision.Tesseract.dll.config",
        "build/net461/UiPath.Vision.dll",
        "build/net461/UiPath.Vision.dll.config",
        "build/net461/grpc_csharp_ext.x64.dll",
        "build/net461/grpc_csharp_ext.x86.dll",
        "build/net461/netstandard.dll",
        "build/net461/nlog.config",
        "build/net461/tessdata/eng.traineddata",
        "build/net461/x86/leptonica-1.80.0.dll",
        "build/net461/x86/tesseract41.dll",
        "lib/net461/UiPath.Vision.AzureComputerVision.dll",
        "lib/net461/UiPath.Vision.Core.dll",
        "lib/net461/UiPath.Vision.GoogleCloud.dll",
        "lib/net461/UiPath.Vision.Microsoft.dll",
        "lib/net461/UiPath.Vision.Tesseract.dll",
        "lib/net461/UiPath.Vision.dll",
        "lib/net5.0-windows7.0/UiPath.Vision.AzureComputerVision.dll",
        "lib/net5.0-windows7.0/UiPath.Vision.Core.dll",
        "lib/net5.0-windows7.0/UiPath.Vision.GoogleCloud.dll",
        "lib/net5.0-windows7.0/UiPath.Vision.Tesseract.dll",
        "lib/net5.0-windows7.0/UiPath.Vision.dll",
        "uipath.vision.3.1.4.nupkg.sha512",
        "uipath.vision.nuspec"
      ]
    }
  },
  "projectFileDependencyGroups": {
    "": [],
    ".NETFramework,Version=v4.6.1": [
      "UiPath.UIAutomation.Activities >= 21.10.5 <= 21.10.5"
    ]
  },
  "packageFolders": {
    "C:\\Users\\ganga.y\\.nuget\\packages\\": {}
  },
  "project": {
    "restore": {
      "projectUniqueName": "UI Elemnet Indicating and Selection Process",
      "projectName": "UI Elemnet Indicating and Selection Process",
      "projectPath": "C:\\Developer foundation -2022\\07. UI Automation with the Modern Experience in Studio\\01. Video - Demo - Indicating a Target and Selection process\\01. Demo Projects\\UI Elemnet Indicating and Selection Process\\.local",
      "packagesPath": "C:\\Users\\ganga.y\\.nuget\\packages\\",
      "outputPath": "C:\\Developer foundation -2022\\07. UI Automation with the Modern Experience in Studio\\01. Video - Demo - Indicating a Target and Selection process\\01. Demo Projects\\UI Elemnet Indicating and Selection Process\\.local"
    },
    "frameworks": {
      "net461": {
        "dependencies": {
          "UiPath.UIAutomation.Activities": {
            "include": "Runtime",
            "target": "Package",
            "version": "[21.10.5, 21.10.5]"
          }
        },
        "runtimeIdentifierGraphPath": "C:\\Users\\ganga.y\\AppData\\Local\\Programs\\UiPath\\Studio\\runtime.json"
      }
    },
    "runtimes": {
      "win10-x64": {
        "#import": []
      }
    }
  }
}